timestamp_utc,seq,apid,battery_V,panel_temp_C,solar_mA,adcs_mode,rw_rpm,rssi_dBm,orbit_num,fault_flag,q1,q2,cpu_temp_C
2025-11-15T08:41:20,0,0x0C3,3.7,23.0,960,Coarse,3200,-120.0,43320,1,1.0,0.0,34.5
2025-11-15T08:41:20.400000,1,0x0C3,3.715,23.15,962,Sun,3201,-118.0,43320,0,1.0,0.001,34.62
2025-11-15T08:41:20.800000,2,0x0C3,3.73,23.3,965,Fine,3203,-116.0,43320,0,0.999998,0.002,34.74
2025-11-15T08:41:21.200000,3,0x0C3,3.745,23.45,968,Standby,3205,-114.1,43320,0,0.999996,0.003,34.86
2025-11-15T08:41:21.600000,4,0x0C3,3.76,23.6,971,Coarse,3207,-112.2,43320,0,0.999992,0.004,34.98
2025-11-15T08:41:22,5,0x0C3,3.774,23.75,973,Sun,3209,-110.4,43320,0,0.999988,0.005,35.1
2025-11-15T08:41:22.400000,6,0x0C3,3.789,23.9,976,Fine,3211,-108.7,43320,0,0.999982,0.006,35.21
2025-11-15T08:41:22.800000,7,0x0C3,3.803,24.04,978,Standby,3213,-107.1,43320,0,0.999976,0.007,35.33
2025-11-15T08:41:23.200000,8,0x0C3,3.817,24.19,981,Coarse,3215,-105.7,43320,0,0.999968,0.008,35.44
2025-11-15T08:41:23.600000,9,0x0C3,3.83,24.33,983,Sun,3217,-104.3,43320,0,0.99996,0.009,35.56
2025-11-15T08:41:24,10,0x0C3,3.844,24.48,985,Fine,3219,-103.2,43320,0,0.99995,0.01,35.67
2025-11-15T08:41:24.400000,11,0x0C3,3.857,24.62,987,Standby,3221,-102.2,43320,0,0.99994,0.011,35.78
2025-11-15T08:41:24.800000,12,0x0C3,3.869,24.76,989,Coarse,3223,-101.4,43320,0,0.999928,0.012,35.89
2025-11-15T08:41:25.200000,13,0x0C3,3.882,24.9,991,Sun,3225,-100.7,43320,0,0.999916,0.013,35.99
2025-11-15T08:41:25.600000,14,0x0C3,3.893,25.04,993,Fine,3227,-100.3,43320,0,0.999902,0.014,36.09
2025-11-15T08:41:26,15,0x0C3,3.904,25.17,994,Standby,3229,-100.1,43320,0,0.999888,0.014999,36.19
2025-11-15T08:41:26.400000,16,0x0C3,3.915,25.31,996,Coarse,3231,-100.0,43320,0,0.999872,0.015999,36.29
2025-11-15T08:41:26.800000,17,0x0C3,3.925,25.44,997,Sun,3233,-100.2,43320,0,0.999856,0.016999,36.39
2025-11-15T08:41:27.200000,18,0x0C3,3.935,25.57,998,Fine,3235,-100.5,43320,0,0.999838,0.017999,36.48
2025-11-15T08:41:27.600000,19,0x0C3,3.944,25.7,998,Standby,3237,-101.1,43320,0,0.99982,0.018999,36.57
2025-11-15T08:41:28,20,0x0C3,3.952,25.82,999,Coarse,3238,-101.8,43320,0,0.9998,0.019999,36.65
2025-11-15T08:41:28.400000,21,0x0C3,3.96,25.95,999,Sun,3240,-102.7,43320,0,0.99978,0.020998,36.73
2025-11-15T08:41:28.800000,22,0x0C3,3.967,26.07,999,Fine,3242,-103.8,43320,0,0.999758,0.021998,36.81
2025-11-15T08:41:29.200000,23,0x0C3,3.974,26.18,999,Standby,3244,-105.1,43320,0,0.999736,0.022998,36.89
2025-11-15T08:41:29.600000,24,0x0C3,3.98,26.3,999,Coarse,3246,-106.5,43320,0,0.999712,0.023998,36.96
2025-11-15T08:41:30,25,0x0C3,3.985,26.41,999,Sun,3247,-108.0,43320,0,0.999688,0.024997,37.02
2025-11-15T08:41:30.400000,26,0x0C3,3.989,26.52,998,Fine,3249,-109.7,43320,0,0.999662,0.025997,37.09
2025-11-15T08:41:30.800000,27,0x0C3,3.993,26.62,997,Standby,3251,-111.5,43320,0,0.999636,0.026997,37.15
2025-11-15T08:41:31.200000,28,0x0C3,3.996,26.72,997,Coarse,3253,-113.3,43320,0,0.999608,0.027996,37.2
2025-11-15T08:41:31.600000,29,0x0C3,3.998,26.82,995,Sun,3254,-115.2,43320,0,0.99958,0.028996,37.25
2025-11-15T08:41:32,30,0x0C3,3.999,26.92,994,Fine,3256,-117.2,43320,0,0.99955,0.029996,37.3
2025-11-15T08:41:32.400000,31,0x0C3,4.0,27.01,993,Standby,3258,-119.2,43320,0,0.99952,0.030995,37.34
2025-11-15T08:41:32.800000,32,0x0C3,4.0,27.1,991,Coarse,3259,-121.2,43320,0,0.999488,0.031995,37.37
2025-11-15T08:41:33.200000,33,0x0C3,3.999,27.18,989,Sun,3261,-123.2,43320,0,0.999456,0.032994,37.41
2025-11-15T08:41:33.600000,34,0x0C3,3.997,27.26,987,Fine,3262,-125.1,43320,0,0.999422,0.033993,37.43
2025-11-15T08:41:34,35,0x0C3,3.995,27.34,985,Standby,3264,-127.0,43320,0,0.999388,0.034993,37.46
2025-11-15T08:41:34.400000,36,0x0C3,3.992,27.41,983,Coarse,3265,-128.9,43320,0,0.999352,0.035992,37.47
2025-11-15T08:41:34.800000,37,0x0C3,3.988,27.48,980,Sun,3267,-130.6,43320,0,0.999316,0.036992,37.49
2025-11-15T08:41:35.200000,38,0x0C3,3.984,27.54,978,Fine,3268,-132.2,43320,0,0.999278,0.037991,37.5
2025-11-15T08:41:35.600000,39,0x0C3,3.979,27.6,976,Standby,3270,-133.8,43320,0,0.99924,0.03899,37.5
2025-11-15T08:41:36,40,0x0C3,3.973,27.66,973,Coarse,3271,-135.1,43320,0,0.9992,0.039989,37.5
2025-11-15T08:41:36.400000,41,0x0C3,3.966,27.71,970,Sun,3273,-136.4,43320,0,0.99916,0.040989,37.49
2025-11-15T08:41:36.800000,42,0x0C3,3.959,27.76,968,Fine,3274,-137.4,43320,0,0.999118,0.041988,37.48
2025-11-15T08:41:37.200000,43,0x0C3,3.951,27.8,965,Standby,3275,-138.3,43320,0,0.999076,0.042987,37.47
2025-11-15T08:41:37.600000,44,0x0C3,3.943,27.84,962,Coarse,3277,-139.0,43320,0,0.999032,0.043986,37.45
2025-11-15T08:41:38,45,0x0C3,3.933,27.88,959,Sun,3278,-139.6,43320,0,0.998988,0.044985,37.42
2025-11-15T08:41:38.400000,46,0x0C3,3.924,27.91,956,Fine,3279,-139.9,43320,0,0.998942,0.045984,37.39
2025-11-15T08:41:38.800000,47,0x0C3,3.913,27.94,954,Standby,3280,-140.0,43320,0,0.998896,0.046983,37.36
2025-11-15T08:41:39.200000,48,0x0C3,3.903,27.96,951,Coarse,3281,-139.9,43320,0,0.998848,0.047982,37.32
2025-11-15T08:41:39.600000,49,0x0C3,3.891,27.97,948,Sun,3283,-139.6,43320,0,0.9988,0.04898,37.28
2025-11-15T08:41:40,50,0x0C3,3.88,27.99,945,Fine,3284,-139.2,43320,0,0.99875,0.049979,37.23
2025-11-15T08:41:40.400000,51,0x0C3,3.867,28.0,943,Standby,3285,-138.5,43320,0,0.9987,0.050978,37.18
2025-11-15T08:41:40.800000,52,0x0C3,3.855,28.0,940,Coarse,3286,-137.7,43320,0,0.998648,0.051977,37.12
2025-11-15T08:41:41.200000,53,0x0C3,3.842,28.0,938,Sun,3287,-136.6,43320,0,0.998596,0.052975,37.06
2025-11-15T08:41:41.600000,54,0x0C3,3.828,27.99,936,Fine,3288,-135.5,43320,0,0.998542,0.053974,36.99
2025-11-15T08:41:42,55,0x0C3,3.814,27.98,933,Standby,3289,-134.1,43320,0,0.998488,0.054972,36.93
2025-11-15T08:41:42.400000,56,0x0C3,3.8,27.97,931,Coarse,3290,-132.6,43320,0,0.998432,0.055971,36.85
2025-11-15T08:41:42.800000,57,0x0C3,3.786,27.95,929,Sun,3290,-131.0,43320,0,0.998376,0.056969,36.78
2025-11-15T08:41:43.200000,58,0x0C3,3.772,27.93,928,Fine,3291,-129.3,43320,0,0.998318,0.057967,36.7
2025-11-15T08:41:43.600000,59,0x0C3,3.757,27.9,926,Standby,3292,-127.5,43320,0,0.99826,0.058966,36.61
2025-11-15T08:41:44,60,0x0C3,3.742,27.87,925,Coarse,3293,-125.6,43320,0,0.998201,0.059964,36.53
2025-11-15T08:41:44.400000,61,0x0C3,3.727,27.83,923,Sun,3293,-123.6,43320,0,0.99814,0.060962,36.44
2025-11-15T08:41:44.800000,62,0x0C3,3.712,27.79,922,Fine,3294,-121.7,43320,0,0.998079,0.06196,36.34
2025-11-15T08:41:45.200000,63,0x0C3,3.697,27.75,921,Standby,3295,-119.7,43320,0,0.998016,0.062958,36.25
2025-11-15T08:41:45.600000,64,0x0C3,3.682,27.7,921,Coarse,3295,-117.7,43320,0,0.997953,0.063956,36.15
2025-11-15T08:41:46,65,0x0C3,3.668,27.64,920,Sun,3296,-115.7,43320,0,0.997888,0.064954,36.05
2025-11-15T08:41:46.400000,66,0x0C3,3.653,27.59,920,Fine,3296,-113.8,43320,0,0.997823,0.065952,35.94
2025-11-15T08:41:46.800000,67,0x0C3,3.638,27.53,920,Standby,3297,-111.9,43320,0,0.997756,0.06695,35.84
2025-11-15T08:41:47.200000,68,0x0C3,3.623,27.46,920,Coarse,3297,-110.1,43320,0,0.997689,0.067948,35.73
2025-11-15T08:41:47.600000,69,0x0C3,3.609,27.39,920,Sun,3298,-108.4,43320,0,0.99762,0.068945,35.62
2025-11-15T08:41:48,70,0x0C3,3.595,27.32,920,Fine,3298,-106.9,43320,0,0.997551,0.069943,35.5
2025-11-15T08:41:48.400000,71,0x0C3,3.581,27.24,921,Standby,3298,-105.4,43320,0,0.997481,0.07094,35.39
2025-11-15T08:41:48.800000,72,0x0C3,3.567,27.16,922,Coarse,3299,-104.1,43320,0,0.997409,0.071938,35.28
2025-11-15T08:41:49.200000,73,0x0C3,3.554,27.07,923,Sun,3299,-103.0,43320,0,0.997337,0.072935,35.16
2025-11-15T08:41:49.600000,74,0x0C3,3.541,26.98,924,Fine,3299,-102.0,43320,0,0.997263,0.073932,35.04
2025-11-15T08:41:50,75,0x0C3,3.529,26.89,925,Standby,3299,-101.2,43320,0,0.997189,0.07493,34.92
2025-11-15T08:41:50.400000,76,0x0C3,3.516,26.79,927,Coarse,3299,-100.6,43320,0,0.997113,0.075927,34.8
2025-11-15T08:41:50.800000,77,0x0C3,3.505,26.7,928,Sun,3299,-100.2,43320,0,0.997037,0.076924,34.68
2025-11-15T08:41:51.200000,78,0x0C3,3.494,26.59,930,Fine,3299,-100.0,43320,0,0.99696,0.077921,34.56
2025-11-15T08:41:51.600000,79,0x0C3,3.483,26.49,932,Standby,3299,-100.0,43320,0,0.996881,0.078918,34.44
2025-11-15T08:41:52,80,0x0C3,3.473,26.38,934,Coarse,3299,-100.2,43320,0,0.996802,0.079915,34.32
2025-11-15T08:41:52.400000,81,0x0C3,3.463,26.27,936,Sun,3299,-100.6,43320,0,0.996721,0.080911,34.21
2025-11-15T08:41:52.800000,82,0x0C3,3.455,26.15,939,Fine,3299,-101.2,43320,0,0.99664,0.081908,34.09
2025-11-15T08:41:53.200000,83,0x0C3,3.446,26.03,941,Standby,3299,-102.0,43320,0,0.996557,0.082905,33.97
2025-11-15T08:41:53.600000,84,0x0C3,3.439,25.91,944,Coarse,3299,-102.9,43320,0,0.996474,0.083901,33.85
2025-11-15T08:41:54,85,0x0C3,3.432,25.79,946,Sun,3299,-104.0,43320,0,0.99639,0.084898,33.73
2025-11-15T08:41:54.400000,86,0x0C3,3.425,25.66,949,Fine,3298,-105.3,43320,0,0.996304,0.085894,33.62
2025-11-15T08:41:54.800000,87,0x0C3,3.419,25.53,952,Standby,3298,-106.7,43320,0,0.996218,0.08689,33.5
2025-11-15T08:41:55.200000,88,0x0C3,3.415,25.4,955,Coarse,3298,-108.3,43320,0,0.99613,0.087886,33.39
2025-11-15T08:41:55.600000,89,0x0C3,3.41,25.27,957,Sun,3297,-110.0,43320,0,0.996042,0.088883,33.28
2025-11-15T08:41:56,90,0x0C3,3.407,25.14,960,Fine,3297,-111.8,43321,0,0.995953,0.089879,33.17
2025-11-15T08:41:56.400000,91,0x0C3,3.404,25.0,963,Standby,3296,-113.6,43321,0,0.995862,0.090874,33.07
2025-11-15T08:41:56.800000,92,0x0C3,3.402,24.86,966,Coarse,3296,-115.5,43321,0,0.995771,0.09187,32.96
2025-11-15T08:41:57.200000,93,0x0C3,3.401,24.72,968,Sun,3295,-117.5,43321,0,0.995679,0.092866,32.86
2025-11-15T08:41:57.600000,94,0x0C3,3.4,24.58,971,Fine,3295,-119.5,43321,0,0.995585,0.093862,32.76
2025-11-15T08:41:58,95,0x0C3,3.4,24.44,974,Standby,3294,-121.5,43321,0,0.995491,0.094857,32.66
2025-11-15T08:41:58.400000,96,0x0C3,3.401,24.29,976,Coarse,3293,-123.5,43321,0,0.995396,0.095853,32.57
2025-11-15T08:41:58.800000,97,0x0C3,3.403,24.15,979,Sun,3293,-125.4,43321,1,0.995299,0.096848,32.48
2025-11-15T08:41:59.200000,98,0x0C3,3.405,24.0,981,Fine,3292,-127.3,43321,0,0.995202,0.097843,32.39
2025-11-15T08:41:59.600000,99,0x0C3,3.408,23.85,984,Standby,3291,-129.2,43321,0,0.995104,0.098838,32.31
2025-11-15T08:42:00,100,0x0C3,3.412,23.71,986,Coarse,3290,-130.9,43321,0,0.995004,0.099833,32.23
2025-11-15T08:42:00.400000,101,0x0C3,3.417,23.56,988,Sun,3290,-132.5,43321,0,0.994904,0.100828,32.15
2025-11-15T08:42:00.800000,102,0x0C3,3.422,23.41,990,Fine,3289,-134.0,43321,0,0.994803,0.101823,32.08
2025-11-15T08:42:01.200000,103,0x0C3,3.428,23.26,991,Standby,3288,-135.4,43321,0,0.9947,0.102818,32.01
2025-11-15T08:42:01.600000,104,0x0C3,3.435,23.11,993,Coarse,3287,-136.6,43321,0,0.994597,0.103813,31.95
2025-11-15T08:42:02,105,0x0C3,3.442,22.96,995,Sun,3286,-137.6,43321,0,0.994493,0.104807,31.89
2025-11-15T08:42:02.400000,106,0x0C3,3.45,22.81,996,Fine,3285,-138.5,43321,0,0.994387,0.105802,31.83
2025-11-15T08:42:02.800000,107,0x0C3,3.459,22.66,997,Standby,3284,-139.1,43321,0,0.994281,0.106796,31.78
2025-11-15T08:42:03.200000,108,0x0C3,3.468,22.51,998,Coarse,3283,-139.6,43321,0,0.994174,0.10779,31.73
2025-11-15T08:42:03.600000,109,0x0C3,3.478,22.36,999,Sun,3282,-139.9,43321,0,0.994065,0.108784,31.68
2025-11-15T08:42:04,110,0x0C3,3.488,22.21,999,Fine,3280,-140.0,43321,0,0.993956,0.109778,31.65
2025-11-15T08:42:04.400000,111,0x0C3,3.499,22.06,999,Standby,3279,-139.9,43321,0,0.993846,0.110772,31.61
2025-11-15T08:42:04.800000,112,0x0C3,3.511,21.92,999,Coarse,3278,-139.6,43321,0,0.993735,0.111766,31.58
2025-11-15T08:42:05.200000,113,0x0C3,3.522,21.77,999,Sun,3277,-139.1,43321,0,0.993622,0.11276,31.56
2025-11-15T08:42:05.600000,114,0x0C3,3.535,21.63,999,Fine,3275,-138.4,43321,0,0.993509,0.113753,31.53
2025-11-15T08:42:06,115,0x0C3,3.548,21.48,999,Standby,3274,-137.5,43321,0,0.993395,0.114747,31.52
2025-11-15T08:42:06.400000,116,0x0C3,3.561,21.34,998,Coarse,3273,-136.5,43321,0,0.99328,0.11574,31.51
2025-11-15T08:42:06.800000,117,0x0C3,3.574,21.2,997,Sun,3271,-135.2,43321,0,0.993163,0.116733,31.5
2025-11-15T08:42:07.200000,118,0x0C3,3.588,21.06,996,Fine,3270,-133.9,43321,0,0.993046,0.117726,31.5
2025-11-15T08:42:07.600000,119,0x0C3,3.602,20.92,995,Standby,3269,-132.4,43321,0,0.992928,0.118719,31.5
2025-11-15T08:42:08,120,0x0C3,3.616,20.79,994,Coarse,3267,-130.7,43321,0,0.992809,0.119712,31.51
2025-11-15T08:42:08.400000,121,0x0C3,3.631,20.65,992,Sun,3266,-129.0,43321,0,0.992688,0.120705,31.52
2025-11-15T08:42:08.800000,122,0x0C3,3.645,20.52,990,Fine,3264,-127.2,43321,0,0.992567,0.121698,31.54
2025-11-15T08:42:09.200000,123,0x0C3,3.66,20.39,989,Standby,3263,-125.3,43321,0,0.992445,0.12269,31.56
2025-11-15T08:42:09.600000,124,0x0C3,3.675,20.27,987,Coarse,3261,-123.3,43321,0,0.992322,0.123682,31.59
2025-11-15T08:42:10,125,0x0C3,3.69,20.14,984,Sun,3259,-121.3,43321,0,0.992198,0.124675,31.62
2025-11-15T08:42:10.400000,126,0x0C3,3.705,20.02,982,Fine,3258,-119.3,43321,0,0.992072,0.125667,31.66
2025-11-15T08:42:10.800000,127,0x0C3,3.72,19.9,980,Standby,3256,-117.3,43321,0,0.991946,0.126659,31.7
2025-11-15T08:42:11.200000,128,0x0C3,3.735,19.79,977,Coarse,3254,-115.4,43321,0,0.991819,0.127651,31.75
2025-11-15T08:42:11.600000,129,0x0C3,3.75,19.67,975,Sun,3253,-113.5,43321,0,0.991691,0.128643,31.8
2025-11-15T08:42:12,130,0x0C3,3.765,19.56,972,Fine,3251,-111.6,43321,0,0.991562,0.129634,31.85
2025-11-15T08:42:12.400000,131,0x0C3,3.779,19.45,970,Standby,3249,-109.8,43321,0,0.991432,0.130626,31.91
2025-11-15T08:42:12.800000,132,0x0C3,3.793,19.35,967,Coarse,3248,-108.2,43321,0,0.991301,0.131617,31.97
2025-11-15T08:42:13.200000,133,0x0C3,3.808,19.25,964,Sun,3246,-106.6,43321,0,0.991169,0.132608,32.04
2025-11-15T08:42:13.600000,134,0x0C3,3.821,19.15,961,Fine,3244,-105.2,43321,0,0.991035,0.133599,32.11
2025-11-15T08:42:14,135,0x0C3,3.835,19.06,958,Standby,3242,-103.9,43321,0,0.990901,0.13459,32.18
2025-11-15T08:42:14.400000,136,0x0C3,3.848,18.97,956,Coarse,3240,-102.8,43321,0,0.990766,0.135581,32.26
2025-11-15T08:42:14.800000,137,0x0C3,3.861,18.88,953,Sun,3239,-101.9,43321,0,0.99063,0.136572,32.34
2025-11-15T08:42:15.200000,138,0x0C3,3.874,18.8,950,Fine,3237,-101.1,43321,0,0.990493,0.137562,32.43
2025-11-15T08:42:15.600000,139,0x0C3,3.886,18.72,947,Standby,3235,-100.6,43321,0,0.990355,0.138553,32.51
2025-11-15T08:42:16,140,0x0C3,3.897,18.64,945,Coarse,3233,-100.2,43321,0,0.990216,0.139543,32.61
2025-11-15T08:42:16.400000,141,0x0C3,3.908,18.57,942,Sun,3231,-100.0,43321,0,0.990076,0.140533,32.7
2025-11-15T08:42:16.800000,142,0x0C3,3.919,18.5,940,Fine,3229,-100.0,43321,0,0.989935,0.141523,32.8
2025-11-15T08:42:17.200000,143,0x0C3,3.929,18.44,937,Standby,3227,-100.3,43321,0,0.989793,0.142513,32.9
2025-11-15T08:42:17.600000,144,0x0C3,3.938,18.38,935,Coarse,3225,-100.7,43321,0,0.98965,0.143503,33.0
2025-11-15T08:42:18,145,0x0C3,3.947,18.32,933,Sun,3223,-101.3,43321,0,0.989506,0.144492,33.11
2025-11-15T08:42:18.400000,146,0x0C3,3.955,18.27,931,Fine,3221,-102.1,43321,0,0.989361,0.145482,33.21
2025-11-15T08:42:18.800000,147,0x0C3,3.963,18.23,929,Standby,3220,-103.1,43321,0,0.989215,0.146471,33.32
2025-11-15T08:42:19.200000,148,0x0C3,3.97,18.18,927,Coarse,3218,-104.2,43321,0,0.989068,0.14746,33.43
2025-11-15T08:42:19.600000,149,0x0C3,3.976,18.15,926,Sun,3216,-105.5,43321,0,0.98892,0.148449,33.55
2025-11-15T08:42:20,150,0x0C3,3.981,18.11,924,Fine,3214,-107.0,43321,0,0.988771,0.149438,33.66
2025-11-15T08:42:20.400000,151,0x0C3,3.986,18.08,923,Standby,3212,-108.6,43321,0,0.988621,0.150427,33.78
2025-11-15T08:42:20.800000,152,0x0C3,3.99,18.06,922,Coarse,3210,-110.3,43321,0,0.98847,0.151415,33.89
2025-11-15T08:42:21.200000,153,0x0C3,3.994,18.04,921,Sun,3208,-112.1,43321,0,0.988318,0.152404,34.01
2025-11-15T08:42:21.600000,154,0x0C3,3.996,18.02,920,Fine,3206,-113.9,43321,0,0.988165,0.153392,34.13
2025-11-15T08:42:22,155,0x0C3,3.998,18.01,920,Standby,3204,-115.9,43321,0,0.988012,0.15438,34.25
2025-11-15T08:42:22.400000,156,0x0C3,4.0,18.0,920,Coarse,3202,-117.8,43321,0,0.987857,0.155368,34.37
2025-11-15T08:42:22.800000,157,0x0C3,4.0,18.0,920,Sun,3200,-119.8,43321,0,0.987701,0.156356,34.49
2025-11-15T08:42:23.200000,158,0x0C3,4.0,18.0,920,Fine,3198,-121.8,43321,0,0.987544,0.157343,34.61
2025-11-15T08:42:23.600000,159,0x0C3,3.999,18.01,920,Standby,3196,-123.8,43321,0,0.987386,0.158331,34.73
2025-11-15T08:42:24,160,0x0C3,3.997,18.02,920,Coarse,3194,-125.8,43321,0,0.987227,0.159318,34.85
2025-11-15T08:42:24.400000,161,0x0C3,3.994,18.03,921,Sun,3192,-127.6,43321,0,0.987067,0.160305,34.97
2025-11-15T08:42:24.800000,162,0x0C3,3.991,18.05,922,Fine,3190,-129.4,43321,0,0.986907,0.161292,35.09
2025-11-15T08:42:25.200000,163,0x0C3,3.987,18.08,923,Standby,3188,-131.2,43321,0,0.986745,0.162279,35.2
2025-11-15T08:42:25.600000,164,0x0C3,3.982,18.11,924,Coarse,3186,-132.8,43321,0,0.986582,0.163266,35.32
2025-11-15T08:42:26,165,0x0C3,3.977,18.14,925,Sun,3184,-134.2,43321,0,0.986418,0.164252,35.43
2025-11-15T08:42:26.400000,166,0x0C3,3.971,18.18,927,Fine,3182,-135.6,43321,0,0.986254,0.165239,35.55
2025-11-15T08:42:26.800000,167,0x0C3,3.964,18.22,929,Standby,3180,-136.7,43321,0,0.986088,0.166225,35.66
2025-11-15T08:42:27.200000,168,0x0C3,3.956,18.27,931,Coarse,3178,-137.8,43321,0,0.985921,0.167211,35.77
2025-11-15T08:42:27.600000,169,0x0C3,3.948,18.32,933,Sun,3176,-138.6,43321,0,0.985753,0.168197,35.88
2025-11-15T08:42:28,170,0x0C3,3.94,18.37,935,Fine,3174,-139.2,43321,0,0.985585,0.169182,35.98
2025-11-15T08:42:28.400000,171,0x0C3,3.93,18.43,937,Standby,3172,-139.7,43321,0,0.985415,0.170168,36.09
2025-11-15T08:42:28.800000,172,0x0C3,3.92,18.49,939,Coarse,3170,-139.9,43321,0,0.985244,0.171153,36.19
2025-11-15T08:42:29.200000,173,0x0C3,3.91,18.56,942,Sun,3168,-140.0,43321,0,0.985073,0.172138,36.28
2025-11-15T08:42:29.600000,174,0x0C3,3.899,18.63,944,Fine,3166,-139.9,43321,0,0.9849,0.173123,36.38
2025-11-15T08:42:30,175,0x0C3,3.887,18.71,947,Standby,3164,-139.5,43321,0,0.984727,0.174108,36.47
2025-11-15T08:42:30.400000,176,0x0C3,3.875,18.78,950,Coarse,3163,-139.0,43321,0,0.984552,0.175093,36.56
2025-11-15T08:42:30.800000,177,0x0C3,3.863,18.87,952,Sun,3161,-138.3,43321,0,0.984376,0.176077,36.65
2025-11-15T08:42:31.200000,178,0x0C3,3.85,18.95,955,Fine,3159,-137.3,43321,0,0.9842,0.177062,36.73
2025-11-15T08:42:31.600000,179,0x0C3,3.837,19.04,958,Standby,3157,-136.3,43321,0,0.984022,0.178046,36.81
2025-11-15T08:42:32,180,0x0C3,3.824,19.14,961,Coarse,3155,-135.0,43322,0,0.983844,0.17903,36.88
2025-11-15T08:42:32.400000,181,0x0C3,3.81,19.23,964,Sun,3153,-133.6,43322,0,0.983664,0.180013,36.95
2025-11-15T08:42:32.800000,182,0x0C3,3.796,19.33,966,Fine,3152,-132.1,43322,0,0.983484,0.180997,37.02
2025-11-15T08:42:33.200000,183,0x0C3,3.781,19.44,969,Standby,3150,-130.4,43322,0,0.983302,0.18198,37.08
2025-11-15T08:42:33.600000,184,0x0C3,3.767,19.54,972,Coarse,3148,-128.7,43322,0,0.98312,0.182964,37.14
2025-11-15T08:42:34,185,0x0C3,3.752,19.65,974,Sun,3147,-126.8,43322,0,0.982936,0.183947,37.2
2025-11-15T08:42:34.400000,186,0x0C3,3.737,19.77,977,Fine,3145,-124.9,43322,0,0.982752,0.184929,37.25
2025-11-15T08:42:34.800000,187,0x0C3,3.722,19.88,980,Standby,3143,-123.0,43322,0,0.982566,0.185912,37.29
2025-11-15T08:42:35.200000,188,0x0C3,3.707,20.0,982,Coarse,3142,-121.0,43322,0,0.98238,0.186895,37.33
2025-11-15T08:42:35.600000,189,0x0C3,3.692,20.12,984,Sun,3140,-119.0,43322,0,0.982193,0.187877,37.37
2025-11-15T08:42:36,190,0x0C3,3.677,20.25,986,Fine,3138,-117.0,43322,0,0.982004,0.188859,37.4
2025-11-15T08:42:36.400000,191,0x0C3,3.663,20.37,988,Standby,3137,-115.0,43322,0,0.981815,0.189841,37.43
2025-11-15T08:42:36.800000,192,0x0C3,3.648,20.5,990,Coarse,3135,-113.1,43322,0,0.981625,0.190823,37.45
2025-11-15T08:42:37.200000,193,0x0C3,3.633,20.63,992,Sun,3134,-111.3,43322,0,0.981433,0.191804,37.47
2025-11-15T08:42:37.600000,194,0x0C3,3.618,20.77,993,Fine,3132,-109.5,43322,1,0.981241,0.192785,37.49
2025-11-15T08:42:38,195,0x0C3,3.604,20.9,995,Standby,3131,-107.9,43322,0,0.981048,0.193767,37.5
2025-11-15T08:42:38.400000,196,0x0C3,3.59,21.04,996,Coarse,3129,-106.4,43322,0,0.980853,0.194747,37.5
2025-11-15T08:42:38.800000,197,0x0C3,3.576,21.18,997,Sun,3128,-105.0,43322,0,0.980658,0.195728,37.5
2025-11-15T08:42:39.200000,198,0x0C3,3.563,21.32,998,Fine,3126,-103.7,43322,0,0.980462,0.196709,37.49
2025-11-15T08:42:39.600000,199,0x0C3,3.55,21.46,999,Standby,3125,-102.6,43322,0,0.980265,0.197689,37.48
2025-11-15T08:42:40,200,0x0C3,3.537,21.6,999,Coarse,3124,-101.7,43322,0,0.980067,0.198669,37.47
2025-11-15T08:42:40.400000,201,0x0C3,3.524,21.75,999,Sun,3123,-101.0,43322,0,0.979867,0.199649,37.45
2025-11-15T08:42:40.800000,202,0x0C3,3.512,21.89,999,Fine,3121,-100.5,43322,0,0.979667,0.200629,37.42
2025-11-15T08:42:41.200000,203,0x0C3,3.501,22.04,999,Standby,3120,-100.1,43322,0,0.979466,0.201609,37.39
2025-11-15T08:42:41.600000,204,0x0C3,3.49,22.19,999,Coarse,3119,-100.0,43322,0,0.979264,0.202588,37.36
2025-11-15T08:42:42,205,0x0C3,3.48,22.34,999,Sun,3118,-100.1,43322,0,0.979061,0.203567,37.32
2025-11-15T08:42:42.400000,206,0x0C3,3.47,22.48,998,Fine,3117,-100.3,43322,0,0.978857,0.204546,37.28
2025-11-15T08:42:42.800000,207,0x0C3,3.46,22.63,997,Standby,3115,-100.8,43322,0,0.978652,0.205525,37.23
2025-11-15T08:42:43.200000,208,0x0C3,3.452,22.78,996,Coarse,3114,-101.4,43322,0,0.978446,0.206503,37.18
2025-11-15T08:42:43.600000,209,0x0C3,3.444,22.93,995,Sun,3113,-102.3,43322,0,0.978239,0.207482,37.12
2025-11-15T08:42:44,210,0x0C3,3.436,23.08,993,Fine,3112,-103.3,43322,0,0.978031,0.20846,37.06
2025-11-15T08:42:44.400000,211,0x0C3,3.429,23.23,992,Standby,3111,-104.4,43322,0,0.977822,0.209438,37.0
2025-11-15T08:42:44.800000,212,0x0C3,3.423,23.38,990,Coarse,3110,-105.8,43322,0,0.977612,0.210416,36.93
2025-11-15T08:42:45.200000,213,0x0C3,3.418,23.53,988,Sun,3110,-107.3,43322,0,0.977401,0.211393,36.86
2025-11-15T08:42:45.600000,214,0x0C3,3.413,23.68,986,Fine,3109,-108.9,43322,0,0.977189,0.21237,36.78
2025-11-15T08:42:46,215,0x0C3,3.409,23.83,984,Standby,3108,-110.6,43322,0,0.976976,0.213347,36.7
2025-11-15T08:42:46.400000,216,0x0C3,3.406,23.98,982,Coarse,3107,-112.4,43322,0,0.976763,0.214324,36.62
2025-11-15T08:42:46.800000,217,0x0C3,3.403,24.12,979,Sun,3106,-114.3,43322,0,0.976548,0.215301,36.53
2025-11-15T08:42:47.200000,218,0x0C3,3.401,24.27,977,Fine,3106,-116.2,43322,0,0.976332,0.216277,36.44
2025-11-15T08:42:47.600000,219,0x0C3,3.4,24.41,974,Standby,3105,-118.2,43322,0,0.976115,0.217254,36.35
2025-11-15T08:42:48,220,0x0C3,3.4,24.56,972,Coarse,3104,-120.2,43322,0,0.975897,0.21823,36.25
2025-11-15T08:42:48.400000,221,0x0C3,3.4,24.7,969,Sun,3104,-122.2,43322,0,0.975679,0.219205,36.16
2025-11-15T08:42:48.800000,222,0x0C3,3.402,24.84,966,Fine,3103,-124.1,43322,0,0.975459,0.220181,36.05
2025-11-15T08:42:49.200000,223,0x0C3,3.404,24.98,963,Standby,3103,-126.1,43322,0,0.975238,0.221156,35.95
2025-11-15T08:42:49.600000,224,0x0C3,3.406,25.12,961,Coarse,3102,-128.0,43322,0,0.975017,0.222131,35.84
2025-11-15T08:42:50,225,0x0C3,3.41,25.25,958,Sun,3102,-129.7,43322,0,0.974794,0.223106,35.74
2025-11-15T08:42:50.400000,226,0x0C3,3.414,25.38,955,Fine,3101,-131.4,43322,0,0.974571,0.224081,35.63
2025-11-15T08:42:50.800000,227,0x0C3,3.419,25.51,952,Standby,3101,-133.0,43322,0,0.974346,0.225056,35.51
2025-11-15T08:42:51.200000,228,0x0C3,3.424,25.64,950,Coarse,3101,-134.5,43322,0,0.97412,0.22603,35.4
2025-11-15T08:42:51.600000,229,0x0C3,3.43,25.77,947,Sun,3100,-135.8,43322,0,0.973894,0.227004,35.29
2025-11-15T08:42:52,230,0x0C3,3.437,25.89,944,Fine,3100,-136.9,43322,0,0.973666,0.227978,35.17
2025-11-15T08:42:52.400000,231,0x0C3,3.445,26.01,942,Standby,3100,-137.9,43322,0,0.973438,0.228951,35.05
2025-11-15T08:42:52.800000,232,0x0C3,3.453,26.13,939,Coarse,3100,-138.7,43322,0,0.973208,0.229924,34.93
2025-11-15T08:42:53.200000,233,0x0C3,3.462,26.25,937,Sun,3100,-139.3,43322,0,0.972978,0.230897,34.81
2025-11-15T08:42:53.600000,234,0x0C3,3.471,26.36,935,Fine,3100,-139.7,43322,0,0.972747,0.23187,34.69
2025-11-15T08:42:54,235,0x0C3,3.481,26.47,932,Standby,3100,-140.0,43322,0,0.972514,0.232843,34.57
2025-11-15T08:42:54.400000,236,0x0C3,3.492,26.58,930,Coarse,3100,-140.0,43322,0,0.972281,0.233815,34.45
2025-11-15T08:42:54.800000,237,0x0C3,3.503,26.68,929,Sun,3100,-139.8,43322,0,0.972047,0.234788,34.33
2025-11-15T08:42:55.200000,238,0x0C3,3.515,26.78,927,Fine,3100,-139.4,43322,0,0.971811,0.235759,34.21
2025-11-15T08:42:55.600000,239,0x0C3,3.527,26.88,925,Standby,3100,-138.9,43322,0,0.971575,0.236731,34.1
2025-11-15T08:42:56,240,0x0C3,3.539,26.97,924,Coarse,3100,-138.1,43322,0,0.971338,0.237703,33.98
2025-11-15T08:42:56.400000,241,0x0C3,3.552,27.06,923,Sun,3100,-137.2,43322,0,0.9711,0.238674,33.86
2025-11-15T08:42:56.800000,242,0x0C3,3.565,27.14,922,Fine,3100,-136.1,43322,0,0.970861,0.239645,33.74
2025-11-15T08:42:57.200000,243,0x0C3,3.579,27.23,921,Standby,3101,-134.8,43322,0,0.97062,0.240616,33.63
2025-11-15T08:42:57.600000,244,0x0C3,3.593,27.3,920,Coarse,3101,-133.4,43322,0,0.970379,0.241586,33.51
2025-11-15T08:42:58,245,0x0C3,3.607,27.38,920,Sun,3101,-131.8,43322,0,0.970137,0.242556,33.4
2025-11-15T08:42:58.400000,246,0x0C3,3.621,27.45,920,Fine,3102,-130.2,43322,0,0.969894,0.243526,33.29
2025-11-15T08:42:58.800000,247,0x0C3,3.636,27.52,920,Standby,3102,-128.4,43322,0,0.96965,0.244496,33.18
2025-11-15T08:42:59.200000,248,0x0C3,3.65,27.58,920,Coarse,3103,-126.5,43322,0,0.969405,0.245466,33.07
2025-11-15T08:42:59.600000,249,0x0C3,3.665,27.64,920,Sun,3103,-124.6,43322,0,0.969159,0.246435,32.97
2025-11-15T08:43:00,250,0x0C3,3.68,27.69,920,Fine,3104,-122.6,43322,0,0.968912,0.247404,32.87
2025-11-15T08:43:00.400000,251,0x0C3,3.695,27.74,921,Standby,3104,-120.7,43322,0,0.968665,0.248373,32.77
2025-11-15T08:43:00.800000,252,0x0C3,3.71,27.79,922,Coarse,3105,-118.7,43322,0,0.968416,0.249341,32.67
2025-11-15T08:43:01.200000,253,0x0C3,3.725,27.83,923,Sun,3105,-116.7,43322,0,0.968166,0.25031,32.58
2025-11-15T08:43:01.600000,254,0x0C3,3.74,27.86,924,Fine,3106,-114.7,43322,0,0.967915,0.251278,32.49
2025-11-15T08:43:02,255,0x0C3,3.755,27.9,926,Standby,3107,-112.8,43322,0,0.967663,0.252245,32.4
2025-11-15T08:43:02.400000,256,0x0C3,3.769,27.92,927,Coarse,3108,-111.0,43322,0,0.967411,0.253213,32.32
2025-11-15T08:43:02.800000,257,0x0C3,3.784,27.95,929,Sun,3109,-109.3,43322,0,0.967157,0.25418,32.24
2025-11-15T08:43:03.200000,258,0x0C3,3.798,27.97,931,Fine,3109,-107.6,43322,0,0.966902,0.255147,32.16
2025-11-15T08:43:03.600000,259,0x0C3,3.812,27.98,933,Standby,3110,-106.1,43322,0,0.966647,0.256114,32.09
2025-11-15T08:43:04,260,0x0C3,3.826,27.99,935,Coarse,3111,-104.7,43322,0,0.96639,0.257081,32.02
2025-11-15T08:43:04.400000,261,0x0C3,3.839,28.0,938,Sun,3112,-103.5,43322,0,0.966132,0.258047,31.95
2025-11-15T08:43:04.800000,262,0x0C3,3.853,28.0,940,Fine,3113,-102.5,43322,0,0.965874,0.259013,31.89
2025-11-15T08:43:05.200000,263,0x0C3,3.865,28.0,942,Standby,3114,-101.6,43322,0,0.965614,0.259979,31.83
2025-11-15T08:43:05.600000,264,0x0C3,3.878,27.99,945,Coarse,3115,-100.9,43322,0,0.965354,0.260944,31.78
2025-11-15T08:43:06,265,0x0C3,3.889,27.98,948,Sun,3116,-100.4,43322,0,0.965093,0.261909,31.73
2025-11-15T08:43:06.400000,266,0x0C3,3.901,27.96,950,Fine,3117,-100.1,43322,0,0.96483,0.262874,31.69
2025-11-15T08:43:06.800000,267,0x0C3,3.912,27.94,953,Standby,3119,-100.0,43322,0,0.964567,0.263839,31.65
2025-11-15T08:43:07.200000,268,0x0C3,3.922,27.91,956,Coarse,3120,-100.1,43322,0,0.964302,0.264803,31.61
2025-11-15T08:43:07.600000,269,0x0C3,3.932,27.88,959,Sun,3121,-100.4,43322,0,0.964037,0.265768,31.58
2025-11-15T08:43:08,270,0x0C3,3.941,27.85,962,Fine,3122,-100.9,43323,0,0.963771,0.266731,31.56
2025-11-15T08:43:08.400000,271,0x0C3,3.95,27.81,964,Standby,3124,-101.6,43323,0,0.963504,0.267695,31.54
2025-11-15T08:43:08.800000,272,0x0C3,3.958,27.77,967,Coarse,3125,-102.4,43323,0,0.963236,0.268658,31.52
2025-11-15T08:43:09.200000,273,0x0C3,3.965,27.72,970,Sun,3126,-103.5,43323,0,0.962966,0.269622,31.51
2025-11-15T08:43:09.600000,274,0x0C3,3.972,27.67,972,Fine,3128,-104.7,43323,0,0.962696,0.270584,31.5
2025-11-15T08:43:10,275,0x0C3,3.978,27.61,975,Standby,3129,-106.0,43323,0,0.962425,0.271547,31.5
2025-11-15T08:43:10.400000,276,0x0C3,3.983,27.55,978,Coarse,3130,-107.5,43323,0,0.962153,0.272509,31.5
2025-11-15T08:43:10.800000,277,0x0C3,3.988,27.49,980,Sun,3132,-109.1,43323,0,0.96188,0.273471,31.51
2025-11-15T08:43:11.200000,278,0x0C3,3.992,27.42,982,Fine,3133,-110.9,43323,0,0.961606,0.274433,31.52
2025-11-15T08:43:11.600000,279,0x0C3,3.995,27.35,985,Standby,3135,-112.7,43323,0,0.961331,0.275394,31.54
2025-11-15T08:43:12,280,0x0C3,3.997,27.27,987,Coarse,3136,-114.6,43323,0,0.961055,0.276356,31.56
2025-11-15T08:43:12.400000,281,0x0C3,3.999,27.19,989,Sun,3138,-116.5,43323,0,0.960779,0.277317,31.59
2025-11-15T08:43:12.800000,282,0x0C3,4.0,27.11,991,Fine,3140,-118.5,43323,0,0.960501,0.278277,31.62
2025-11-15T08:43:13.200000,283,0x0C3,4.0,27.02,992,Standby,3141,-120.5,43323,0,0.960222,0.279238,31.66
2025-11-15T08:43:13.600000,284,0x0C3,3.999,26.93,994,Coarse,3143,-122.5,43323,0,0.959942,0.280198,31.7
2025-11-15T08:43:14,285,0x0C3,3.998,26.84,995,Sun,3144,-124.5,43323,0,0.959662,0.281157,31.74
2025-11-15T08:43:14.400000,286,0x0C3,3.996,26.74,996,Fine,3146,-126.4,43323,0,0.95938,0.282117,31.79
2025-11-15T08:43:14.800000,287,0x0C3,3.993,26.64,997,Standby,3148,-128.3,43323,0,0.959097,0.283076,31.85
2025-11-15T08:43:15.200000,288,0x0C3,3.99,26.53,998,Coarse,3150,-130.0,43323,0,0.958814,0.284035,31.9
2025-11-15T08:43:15.600000,289,0x0C3,3.985,26.43,999,Sun,3151,-131.7,43323,0,0.958529,0.284994,31.97
2025-11-15T08:43:16,290,0x0C3,3.98,26.31,999,Fine,3153,-133.3,43323,0,0.958244,0.285952,32.03
2025-11-15T08:43:16.400000,291,0x0C3,3.975,26.2,999,Standby,3155,-134.7,43323,1,0.957957,0.28691,32.1
2025-11-15T08:43:16.800000,292,0x0C3,3.968,26.08,999,Coarse,3157,-136.0,43323,0,0.95767,0.287868,32.18
2025-11-15T08:43:17.200000,293,0x0C3,3.961,25.96,999,Sun,3158,-137.1,43323,0,0.957382,0.288826,32.25
2025-11-15T08:43:17.600000,294,0x0C3,3.954,25.84,999,Fine,3160,-138.1,43323,0,0.957092,0.289783,32.33
2025-11-15T08:43:18,295,0x0C3,3.945,25.72,998,Standby,3162,-138.8,43323,0,0.956802,0.29074,32.42
2025-11-15T08:43:18.400000,296,0x0C3,3.936,25.59,998,Coarse,3164,-139.4,43323,0,0.956511,0.291697,32.51
2025-11-15T08:43:18.800000,297,0x0C3,3.927,25.46,997,Sun,3166,-139.8,43323,0,0.956219,0.292653,32.6
2025-11-15T08:43:19.200000,298,0x0C3,3.917,25.33,996,Fine,3168,-140.0,43323,0,0.955926,0.293609,32.69
2025-11-15T08:43:19.600000,299,0x0C3,3.906,25.2,994,Standby,3170,-140.0,43323,0,0.955632,0.294565,32.79
2025-11-15T08:43:20,300,0x0C3,3.895,25.06,993,Coarse,3172,-139.8,43323,0,0.955336,0.29552,32.89
2025-11-15T08:43:20.400000,301,0x0C3,3.883,24.92,991,Sun,3173,-139.4,43323,0,0.95504,0.296475,32.99
2025-11-15T08:43:20.800000,302,0x0C3,3.871,24.78,990,Fine,3175,-138.8,43323,0,0.954744,0.29743,33.1
2025-11-15T08:43:21.200000,303,0x0C3,3.859,24.64,988,Standby,3177,-138.0,43323,0,0.954446,0.298385,33.2
2025-11-15T08:43:21.600000,304,0x0C3,3.846,24.5,986,Coarse,3179,-137.0,43323,0,0.954147,0.299339,33.31
2025-11-15T08:43:22,305,0x0C3,3.833,24.36,983,Sun,3181,-135.9,43323,0,0.953847,0.300293,33.43
2025-11-15T08:43:22.400000,306,0x0C3,3.819,24.21,981,Fine,3183,-134.6,43323,0,0.953546,0.301247,33.54
2025-11-15T08:43:22.800000,307,0x0C3,3.805,24.07,979,Standby,3185,-133.1,43323,0,0.953244,0.3022,33.65
2025-11-15T08:43:23.200000,308,0x0C3,3.791,23.92,976,Coarse,3187,-131.6,43323,0,0.952942,0.303153,33.77
2025-11-15T08:43:23.600000,309,0x0C3,3.777,23.77,974,Sun,3189,-129.9,43323,0,0.952638,0.304106,33.89
2025-11-15T08:43:24,310,0x0C3,3.762,23.62,971,Fine,3191,-128.1,43323,0,0.952334,0.305059,34.0
2025-11-15T08:43:24.400000,311,0x0C3,3.747,23.47,968,Standby,3193,-126.2,43323,0,0.952028,0.306011,34.12
2025-11-15T08:43:24.800000,312,0x0C3,3.732,23.32,966,Coarse,3195,-124.3,43323,0,0.951722,0.306963,34.24
2025-11-15T08:43:25.200000,313,0x0C3,3.717,23.17,963,Sun,3197,-122.3,43323,0,0.951414,0.307914,34.36
2025-11-15T08:43:25.600000,314,0x0C3,3.702,23.02,960,Fine,3199,-120.3,43323,0,0.951106,0.308866,34.48
2025-11-15T08:43:26,315,0x0C3,3.687,22.87,957,Standby,3201,-118.3,43323,0,0.950796,0.309816,34.6
2025-11-15T08:43:26.400000,316,0x0C3,3.672,22.72,954,Coarse,3203,-116.3,43323,0,0.950486,0.310767,34.72
2025-11-15T08:43:26.800000,317,0x0C3,3.658,22.57,952,Sun,3205,-114.4,43323,0,0.950175,0.311717,34.84
2025-11-15T08:43:27.200000,318,0x0C3,3.643,22.43,949,Fine,3207,-112.5,43323,0,0.949863,0.312667,34.96
2025-11-15T08:43:27.600000,319,0x0C3,3.628,22.28,946,Standby,3209,-110.7,43323,0,0.94955,0.313617,35.08
2025-11-15T08:43:28,320,0x0C3,3.614,22.13,944,Coarse,3211,-109.0,43323,0,0.949235,0.314567,35.19
2025-11-15T08:43:28.400000,321,0x0C3,3.599,21.98,941,Sun,3213,-107.4,43323,0,0.94892,0.315516,35.31
2025-11-15T08:43:28.800000,322,0x0C3,3.585,21.83,939,Fine,3215,-105.9,43323,0,0.948604,0.316464,35.43
2025-11-15T08:43:29.200000,323,0x0C3,3.572,21.69,936,Standby,3217,-104.5,43323,0,0.948287,0.317413,35.54
2025-11-15T08:43:29.600000,324,0x0C3,3.558,21.55,934,Coarse,3219,-103.3,43323,0,0.94797,0.318361,35.65
2025-11-15T08:43:30,325,0x0C3,3.545,21.4,932,Sun,3221,-102.3,43323,0,0.947651,0.319309,35.76
2025-11-15T08:43:30.400000,326,0x0C3,3.533,21.26,930,Fine,3223,-101.5,43323,0,0.947331,0.320256,35.87
2025-11-15T08:43:30.800000,327,0x0C3,3.52,21.12,928,Standby,3225,-100.8,43323,0,0.94701,0.321203,35.97
2025-11-15T08:43:31.200000,328,0x0C3,3.509,20.98,927,Coarse,3227,-100.3,43323,0,0.946689,0.32215,36.08
2025-11-15T08:43:31.600000,329,0x0C3,3.497,20.85,925,Sun,3229,-100.1,43323,0,0.946366,0.323097,36.18
2025-11-15T08:43:32,330,0x0C3,3.486,20.71,924,Fine,3231,-100.0,43323,0,0.946042,0.324043,36.28
2025-11-15T08:43:32.400000,331,0x0C3,3.476,20.58,923,Standby,3233,-100.1,43323,0,0.945718,0.324989,36.37
2025-11-15T08:43:32.800000,332,0x0C3,3.466,20.45,922,Coarse,3234,-100.5,43323,0,0.945392,0.325934,36.46
2025-11-15T08:43:33.200000,333,0x0C3,3.457,20.32,921,Sun,3236,-101.0,43323,0,0.945066,0.32688,36.55
2025-11-15T08:43:33.600000,334,0x0C3,3.449,20.2,920,Fine,3238,-101.7,43323,0,0.944739,0.327825,36.64
2025-11-15T08:43:34,335,0x0C3,3.441,20.07,920,Standby,3240,-102.6,43323,0,0.94441,0.328769,36.72
2025-11-15T08:43:34.400000,336,0x0C3,3.434,19.95,920,Coarse,3242,-103.6,43323,0,0.944081,0.329713,36.8
2025-11-15T08:43:34.800000,337,0x0C3,3.427,19.84,920,Sun,3244,-104.9,43323,0,0.943751,0.330657,36.88
2025-11-15T08:43:35.200000,338,0x0C3,3.421,19.72,920,Fine,3245,-106.3,43323,0,0.94342,0.331601,36.95
2025-11-15T08:43:35.600000,339,0x0C3,3.416,19.61,920,Standby,3247,-107.8,43323,0,0.943088,0.332544,37.01
2025-11-15T08:43:36,340,0x0C3,3.412,19.5,921,Coarse,3249,-109.4,43323,0,0.942755,0.333487,37.08
2025-11-15T08:43:36.400000,341,0x0C3,3.408,19.4,921,Sun,3251,-111.2,43323,0,0.942421,0.33443,37.14
2025-11-15T08:43:36.800000,342,0x0C3,3.405,19.29,922,Fine,3252,-113.0,43323,0,0.942086,0.335372,37.19
2025-11-15T08:43:37.200000,343,0x0C3,3.402,19.19,923,Standby,3254,-114.9,43323,0,0.94175,0.336314,37.24
2025-11-15T08:43:37.600000,344,0x0C3,3.401,19.1,925,Coarse,3256,-116.9,43323,0,0.941413,0.337255,37.29
2025-11-15T08:43:38,345,0x0C3,3.4,19.01,926,Sun,3257,-118.9,43323,0,0.941075,0.338197,37.33
2025-11-15T08:43:38.400000,346,0x0C3,3.4,18.92,928,Fine,3259,-120.8,43323,0,0.940737,0.339138,37.37
2025-11-15T08:43:38.800000,347,0x0C3,3.401,18.83,930,Standby,3261,-122.8,43323,0,0.940397,0.340078,37.4
2025-11-15T08:43:39.200000,348,0x0C3,3.402,18.75,932,Coarse,3262,-124.8,43323,0,0.940057,0.341018,37.43
2025-11-15T08:43:39.600000,349,0x0C3,3.404,18.67,934,Sun,3264,-126.7,43323,0,0.939715,0.341958,37.45
2025-11-15T08:43:40,350,0x0C3,3.407,18.6,936,Fine,3265,-128.6,43323,0,0.939373,0.342898,37.47
2025-11-15T08:43:40.400000,351,0x0C3,3.411,18.53,938,Standby,3267,-130.3,43323,0,0.939029,0.343837,37.49
2025-11-15T08:43:40.800000,352,0x0C3,3.415,18.47,941,Coarse,3268,-132.0,43323,0,0.938685,0.344776,37.5
2025-11-15T08:43:41.200000,353,0x0C3,3.42,18.41,943,Sun,3270,-133.5,43323,0,0.93834,0.345714,37.5
2025-11-15T08:43:41.600000,354,0x0C3,3.426,18.35,946,Fine,3271,-134.9,43323,0,0.937994,0.346653,37.5
2025-11-15T08:43:42,355,0x0C3,3.433,18.3,948,Standby,3272,-136.2,43323,0,0.937646,0.34759,37.49
2025-11-15T08:43:42.400000,356,0x0C3,3.44,18.25,951,Coarse,3274,-137.3,43323,0,0.937298,0.348528,37.48
2025-11-15T08:43:42.800000,357,0x0C3,3.448,18.2,954,Sun,3275,-138.2,43323,0,0.936949,0.349465,37.47
2025-11-15T08:43:43.200000,358,0x0C3,3.456,18.16,957,Fine,3276,-138.9,43323,0,0.936599,0.350402,37.45
2025-11-15T08:43:43.600000,359,0x0C3,3.465,18.13,959,Standby,3278,-139.5,43323,0,0.936249,0.351338,37.43
2025-11-15T08:43:44,360,0x0C3,3.475,18.1,962,Coarse,3279,-139.8,43324,0,0.935897,0.352274,37.4
2025-11-15T08:43:44.400000,361,0x0C3,3.485,18.07,965,Sun,3280,-140.0,43324,0,0.935544,0.35321,37.36
2025-11-15T08:43:44.800000,362,0x0C3,3.496,18.05,968,Fine,3281,-139.9,43324,0,0.93519,0.354145,37.33
2025-11-15T08:43:45.200000,363,0x0C3,3.507,18.03,970,Standby,3282,-139.7,43324,0,0.934836,0.35508,37.28
2025-11-15T08:43:45.600000,364,0x0C3,3.519,18.01,973,Coarse,3283,-139.3,43324,0,0.93448,0.356015,37.24
2025-11-15T08:43:46,365,0x0C3,3.531,18.01,976,Sun,3285,-138.6,43324,0,0.934124,0.356949,37.18
2025-11-15T08:43:46.400000,366,0x0C3,3.543,18.0,978,Fine,3286,-137.8,43324,0,0.933766,0.357883,37.13
2025-11-15T08:43:46.800000,367,0x0C3,3.556,18.0,981,Standby,3287,-136.8,43324,0,0.933408,0.358817,37.07
2025-11-15T08:43:47.200000,368,0x0C3,3.57,18.0,983,Coarse,3288,-135.7,43324,0,0.933049,0.35975,37.0
2025-11-15T08:43:47.600000,369,0x0C3,3.583,18.01,985,Sun,3288,-134.3,43324,0,0.932688,0.360683,36.94
2025-11-15T08:43:48,370,0x0C3,3.597,18.03,987,Fine,3289,-132.9,43324,0,0.932327,0.361615,36.86
2025-11-15T08:43:48.400000,371,0x0C3,3.611,18.05,989,Standby,3290,-131.3,43324,0,0.931965,0.362548,36.79
2025-11-15T08:43:48.800000,372,0x0C3,3.626,18.07,991,Coarse,3291,-129.6,43324,0,0.931602,0.363479,36.71
2025-11-15T08:43:49.200000,373,0x0C3,3.641,18.09,993,Sun,3292,-127.8,43324,0,0.931238,0.364411,36.63
2025-11-15T08:43:49.600000,374,0x0C3,3.655,18.13,994,Fine,3293,-125.9,43324,0,0.930873,0.365342,36.54
2025-11-15T08:43:50,375,0x0C3,3.67,18.16,995,Standby,3293,-124.0,43324,0,0.930508,0.366273,36.45
2025-11-15T08:43:50.400000,376,0x0C3,3.685,18.2,997,Coarse,3294,-122.0,43324,0,0.930141,0.367203,36.36
2025-11-15T08:43:50.800000,377,0x0C3,3.7,18.25,998,Sun,3295,-120.0,43324,0,0.929773,0.368133,36.26
2025-11-15T08:43:51.200000,378,0x0C3,3.715,18.29,998,Fine,3295,-118.0,43324,0,0.929405,0.369062,36.16
2025-11-15T08:43:51.600000,379,0x0C3,3.73,18.35,999,Standby,3296,-116.0,43324,0,0.929035,0.369992,36.06
2025-11-15T08:43:52,380,0x0C3,3.745,18.4,999,Coarse,3296,-114.1,43324,0,0.928665,0.37092,35.96
2025-11-15T08:43:52.400000,381,0x0C3,3.76,18.46,999,Sun,3297,-112.2,43324,0,0.928293,0.371849,35.85
2025-11-15T08:43:52.800000,382,0x0C3,3.774,18.53,999,Fine,3297,-110.4,43324,0,0.927921,0.372777,35.75
2025-11-15T08:43:53.200000,383,0x0C3,3.789,18.6,999,Standby,3298,-108.7,43324,0,0.927548,0.373705,35.63
2025-11-15T08:43:53.600000,384,0x0C3,3.803,18.67,999,Coarse,3298,-107.1,43324,0,0.927174,0.374632,35.52
2025-11-15T08:43:54,385,0x0C3,3.817,18.75,998,Sun,3298,-105.6,43324,0,0.926798,0.375559,35.41
2025-11-15T08:43:54.400000,386,0x0C3,3.831,18.83,998,Fine,3299,-104.3,43324,0,0.926422,0.376486,35.29
2025-11-15T08:43:54.800000,387,0x0C3,3.844,18.91,997,Standby,3299,-103.2,43324,0,0.926045,0.377412,35.18
2025-11-15T08:43:55.200000,388,0x0C3,3.857,19.0,995,Coarse,3299,-102.2,43324,1,0.925668,0.378338,35.06
2025-11-15T08:43:55.600000,389,0x0C3,3.87,19.09,994,Sun,3299,-101.4,43324,0,0.925289,0.379263,34.94
2025-11-15T08:43:56,390,0x0C3,3.882,19.19,993,Fine,3299,-100.7,43324,0,0.924909,0.380188,34.82
2025-11-15T08:43:56.400000,391,0x0C3,3.893,19.29,991,Standby,3299,-100.3,43324,0,0.924528,0.381113,34.7
2025-11-15T08:43:56.800000,392,0x0C3,3.905,19.39,989,Coarse,3299,-100.0,43324,0,0.924147,0.382037,34.58
2025-11-15T08:43:57.200000,393,0x0C3,3.915,19.5,987,Sun,3299,-100.0,43324,0,0.923764,0.382961,34.46
2025-11-15T08:43:57.600000,394,0x0C3,3.925,19.61,985,Fine,3299,-100.2,43324,0,0.923381,0.383885,34.34
2025-11-15T08:43:58,395,0x0C3,3.935,19.72,983,Standby,3299,-100.5,43324,0,0.922997,0.384808,34.22
2025-11-15T08:43:58.400000,396,0x0C3,3.944,19.83,981,Coarse,3299,-101.1,43324,0,0.922611,0.385731,34.11
2025-11-15T08:43:58.800000,397,0x0C3,3.953,19.95,978,Sun,3299,-101.8,43324,0,0.922225,0.386653,33.99
2025-11-15T08:43:59.200000,398,0x0C3,3.96,20.07,976,Fine,3299,-102.7,43324,0,0.921838,0.387575,33.87
2025-11-15T08:43:59.600000,399,0x0C3,3.967,20.19,973,Standby,3299,-103.8,43324,0,0.92145,0.388497,33.75
2025-11-15T08:44:00,400,0x0C3,3.974,20.32,970,Coarse,3298,-105.1,43324,0,0.921061,0.389418,33.64
2025-11-15T08:44:00.400000,401,0x0C3,3.98,20.44,968,Sun,3298,-106.5,43324,0,0.920671,0.390339,33.52
2025-11-15T08:44:00.800000,402,0x0C3,3.985,20.57,965,Fine,3298,-108.0,43324,0,0.92028,0.39126,33.41
2025-11-15T08:44:01.200000,403,0x0C3,3.989,20.71,962,Standby,3297,-109.7,43324,0,0.919889,0.39218,33.3
2025-11-15T08:44:01.600000,404,0x0C3,3.993,20.84,959,Coarse,3297,-111.5,43324,0,0.919496,0.393099,33.19
2025-11-15T08:44:02,405,0x0C3,3.996,20.98,956,Sun,3296,-113.3,43324,0,0.919102,0.394019,33.08
2025-11-15T08:44:02.400000,406,0x0C3,3.998,21.12,954,Fine,3296,-115.2,43324,0,0.918708,0.394938,32.98
2025-11-15T08:44:02.800000,407,0x0C3,3.999,21.26,951,Standby,3295,-117.2,43324,0,0.918313,0.395856,32.88
2025-11-15T08:44:03.200000,408,0x0C3,4.0,21.4,948,Coarse,3295,-119.2,43324,0,0.917916,0.396774,32.78
2025-11-15T08:44:03.600000,409,0x0C3,4.0,21.54,946,Sun,3294,-121.2,43324,0,0.917519,0.397692,32.68
2025-11-15T08:44:04,410,0x0C3,3.999,21.68,943,Fine,3294,-123.2,43324,0,0.917121,0.398609,32.59
2025-11-15T08:44:04.400000,411,0x0C3,3.997,21.83,940,Standby,3293,-125.1,43324,0,0.916722,0.399526,32.49
2025-11-15T08:44:04.800000,412,0x0C3,3.995,21.98,938,Coarse,3292,-127.0,43324,0,0.916322,0.400443,32.41
2025-11-15T08:44:05.200000,413,0x0C3,3.992,22.12,936,Sun,3291,-128.9,43324,0,0.915921,0.401359,32.32
2025-11-15T08:44:05.600000,414,0x0C3,3.988,22.27,934,Fine,3291,-130.6,43324,0,0.915519,0.402275,32.24
2025-11-15T08:44:06,415,0x0C3,3.984,22.42,931,Standby,3290,-132.3,43324,0,0.915116,0.40319,32.16
2025-11-15T08:44:06.400000,416,0x0C3,3.979,22.57,930,Coarse,3289,-133.8,43324,0,0.914713,0.404105,32.09
2025-11-15T08:44:06.800000,417,0x0C3,3.973,22.72,928,Sun,3288,-135.1,43324,0,0.914308,0.405019,32.02
2025-11-15T08:44:07.200000,418,0x0C3,3.966,22.87,926,Fine,3287,-136.4,43324,0,0.913903,0.405933,31.96
2025-11-15T08:44:07.600000,419,0x0C3,3.959,23.02,925,Standby,3286,-137.4,43324,0,0.913496,0.406847,31.89
2025-11-15T08:44:08,420,0x0C3,3.951,23.17,923,Coarse,3285,-138.3,43324,0,0.913089,0.40776,31.84
2025-11-15T08:44:08.400000,421,0x0C3,3.942,23.32,922,Sun,3284,-139.0,43324,0,0.912681,0.408673,31.78
2025-11-15T08:44:08.800000,422,0x0C3,3.933,23.47,921,Fine,3283,-139.6,43324,0,0.912272,0.409586,31.74
2025-11-15T08:44:09.200000,423,0x0C3,3.924,23.62,921,Standby,3282,-139.9,43324,0,0.911862,0.410498,31.69
2025-11-15T08:44:09.600000,424,0x0C3,3.913,23.77,920,Coarse,3281,-140.0,43324,0,0.911451,0.41141,31.65
2025-11-15T08:44:10,425,0x0C3,3.903,23.91,920,Sun,3279,-139.9,43324,0,0.911039,0.412321,31.62
2025-11-15T08:44:10.400000,426,0x0C3,3.891,24.06,920,Fine,3278,-139.6,43324,0,0.910626,0.413232,31.59
2025-11-15T08:44:10.800000,427,0x0C3,3.879,24.21,920,Standby,3277,-139.2,43324,0,0.910212,0.414142,31.56
2025-11-15T08:44:11.200000,428,0x0C3,3.867,24.35,920,Coarse,3276,-138.5,43324,0,0.909798,0.415052,31.54
2025-11-15T08:44:11.600000,429,0x0C3,3.855,24.49,920,Sun,3274,-137.7,43324,0,0.909382,0.415962,31.52
2025-11-15T08:44:12,430,0x0C3,3.841,24.64,921,Fine,3273,-136.6,43324,0,0.908966,0.416871,31.51
2025-11-15T08:44:12.400000,431,0x0C3,3.828,24.78,922,Standby,3272,-135.4,43324,0,0.908548,0.41778,31.5
2025-11-15T08:44:12.800000,432,0x0C3,3.814,24.92,923,Coarse,3270,-134.1,43324,0,0.90813,0.418688,31.5
2025-11-15T08:44:13.200000,433,0x0C3,3.8,25.06,924,Sun,3269,-132.6,43324,0,0.907711,0.419596,31.5
2025-11-15T08:44:13.600000,434,0x0C3,3.786,25.19,925,Fine,3267,-131.0,43324,0,0.907291,0.420503,31.51
2025-11-15T08:44:14,435,0x0C3,3.772,25.32,927,Standby,3266,-129.3,43324,0,0.90687,0.42141,31.52
2025-11-15T08:44:14.400000,436,0x0C3,3.757,25.46,928,Coarse,3264,-127.5,43324,0,0.906448,0.422317,31.54
2025-11-15T08:44:14.800000,437,0x0C3,3.742,25.59,930,Sun,3263,-125.6,43324,0,0.906025,0.423223,31.56
2025-11-15T08:44:15.200000,438,0x0C3,3.727,25.71,932,Fine,3261,-123.6,43324,0,0.905602,0.424129,31.59
2025-11-15T08:44:15.600000,439,0x0C3,3.712,25.84,934,Standby,3260,-121.6,43324,0,0.905177,0.425035,31.62
2025-11-15T08:44:16,440,0x0C3,3.697,25.96,936,Coarse,3258,-119.6,43324,0,0.904752,0.425939,31.65
2025-11-15T08:44:16.400000,441,0x0C3,3.682,26.08,939,Sun,3256,-117.7,43324,0,0.904325,0.426844,31.69
2025-11-15T08:44:16.800000,442,0x0C3,3.667,26.2,941,Fine,3255,-115.7,43324,0,0.903898,0.427748,31.74
2025-11-15T08:44:17.200000,443,0x0C3,3.653,26.31,944,Standby,3253,-113.8,43324,0,0.90347,0.428652,31.79
2025-11-15T08:44:17.600000,444,0x0C3,3.638,26.42,946,Coarse,3251,-111.9,43324,0,0.903041,0.429555,31.84
2025-11-15T08:44:18,445,0x0C3,3.623,26.53,949,Sun,3250,-110.1,43324,0,0.902611,0.430458,31.9
2025-11-15T08:44:18.400000,446,0x0C3,3.609,26.63,952,Fine,3248,-108.4,43324,0,0.90218,0.43136,31.96
2025-11-15T08:44:18.800000,447,0x0C3,3.595,26.74,954,Standby,3246,-106.8,43324,0,0.901748,0.432262,32.03
2025-11-15T08:44:19.200000,448,0x0C3,3.581,26.83,957,Coarse,3244,-105.4,43324,0,0.901315,0.433164,32.1
2025-11-15T08:44:19.600000,449,0x0C3,3.567,26.93,960,Sun,3243,-104.1,43324,0,0.900882,0.434065,32.17
2025-11-15T08:44:20,450,0x0C3,3.554,27.02,963,Fine,3241,-103.0,43325,0,0.900447,0.434966,32.25
2025-11-15T08:44:20.400000,451,0x0C3,3.541,27.11,966,Standby,3239,-102.0,43325,0,0.900012,0.435866,32.33
2025-11-15T08:44:20.800000,452,0x0C3,3.528,27.19,968,Coarse,3237,-101.2,43325,0,0.899575,0.436766,32.41
2025-11-15T08:44:21.200000,453,0x0C3,3.516,27.27,971,Sun,3235,-100.6,43325,0,0.899138,0.437665,32.5
2025-11-15T08:44:21.600000,454,0x0C3,3.505,27.35,974,Fine,3233,-100.2,43325,0,0.8987,0.438564,32.59
2025-11-15T08:44:22,455,0x0C3,3.494,27.42,976,Standby,3231,-100.0,43325,0,0.898261,0.439462,32.69
2025-11-15T08:44:22.400000,456,0x0C3,3.483,27.49,979,Coarse,3230,-100.0,43325,0,0.897821,0.44036,32.78
2025-11-15T08:44:22.800000,457,0x0C3,3.473,27.55,981,Sun,3228,-100.2,43325,0,0.89738,0.441258,32.88
2025-11-15T08:44:23.200000,458,0x0C3,3.463,27.61,984,Fine,3226,-100.6,43325,0,0.896939,0.442155,32.98
2025-11-15T08:44:23.600000,459,0x0C3,3.454,27.67,986,Standby,3224,-101.2,43325,0,0.896496,0.443052,33.09
2025-11-15T08:44:24,460,0x0C3,3.446,27.72,988,Coarse,3222,-102.0,43325,0,0.896052,0.443948,33.2
2025-11-15T08:44:24.400000,461,0x0C3,3.438,27.77,990,Sun,3220,-102.9,43325,0,0.895608,0.444844,33.31
2025-11-15T08:44:24.800000,462,0x0C3,3.431,27.81,991,Fine,3218,-104.0,43325,0,0.895163,0.445739,33.42
2025-11-15T08:44:25.200000,463,0x0C3,3.425,27.85,993,Standby,3216,-105.3,43325,0,0.894717,0.446634,33.53
2025-11-15T08:44:25.600000,464,0x0C3,3.419,27.88,994,Coarse,3214,-106.8,43325,0,0.89427,0.447529,33.64
2025-11-15T08:44:26,465,0x0C3,3.414,27.91,996,Sun,3212,-108.3,43325,0,0.893822,0.448423,33.76
2025-11-15T08:44:26.400000,466,0x0C3,3.41,27.94,997,Fine,3210,-110.0,43325,0,0.893373,0.449316,33.88
2025-11-15T08:44:26.800000,467,0x0C3,3.407,27.96,998,Standby,3208,-111.8,43325,0,0.892923,0.45021,33.99
2025-11-15T08:44:27.200000,468,0x0C3,3.404,27.98,998,Coarse,3206,-113.6,43325,0,0.892472,0.451102,34.11
2025-11-15T08:44:27.600000,469,0x0C3,3.402,27.99,999,Sun,3204,-115.6,43325,0,0.892021,0.451994,34.23
2025-11-15T08:44:28,470,0x0C3,3.401,28.0,999,Fine,3202,-117.5,43325,0,0.891568,0.452886,34.35
2025-11-15T08:44:28.400000,471,0x0C3,3.4,28.0,999,Standby,3200,-119.5,43325,0,0.891115,0.453778,34.47
2025-11-15T08:44:28.800000,472,0x0C3,3.4,28.0,999,Coarse,3198,-121.5,43325,0,0.890661,0.454669,34.59
2025-11-15T08:44:29.200000,473,0x0C3,3.401,27.99,999,Sun,3196,-123.5,43325,0,0.890206,0.455559,34.71
2025-11-15T08:44:29.600000,474,0x0C3,3.403,27.98,999,Fine,3194,-125.5,43325,0,0.88975,0.456449,34.83
2025-11-15T08:44:30,475,0x0C3,3.405,27.97,998,Standby,3192,-127.3,43325,0,0.889293,0.457338,34.95
2025-11-15T08:44:30.400000,476,0x0C3,3.408,27.95,997,Coarse,3190,-129.2,43325,0,0.888835,0.458228,35.07
2025-11-15T08:44:30.800000,477,0x0C3,3.412,27.93,996,Sun,3188,-130.9,43325,0,0.888376,0.459116,35.19
2025-11-15T08:44:31.200000,478,0x0C3,3.417,27.9,995,Fine,3186,-132.5,43325,0,0.887917,0.460004,35.3
2025-11-15T08:44:31.600000,479,0x0C3,3.422,27.87,994,Standby,3184,-134.0,43325,0,0.887456,0.460892,35.42
2025-11-15T08:44:32,480,0x0C3,3.428,27.83,992,Coarse,3182,-135.4,43325,0,0.886995,0.461779,35.53
2025-11-15T08:44:32.400000,481,0x0C3,3.435,27.79,991,Sun,3180,-136.6,43325,0,0.886533,0.462666,35.64
2025-11-15T08:44:32.800000,482,0x0C3,3.442,27.74,989,Fine,3178,-137.6,43325,0,0.88607,0.463552,35.75
2025-11-15T08:44:33.200000,483,0x0C3,3.45,27.69,987,Standby,3176,-138.5,43325,0,0.885606,0.464438,35.86
2025-11-15T08:44:33.600000,484,0x0C3,3.459,27.64,985,Coarse,3174,-139.1,43325,0,0.885141,0.465323,35.97
2025-11-15T08:44:34,485,0x0C3,3.468,27.58,982,Sun,3172,-139.6,43325,1,0.884675,0.466208,36.07
2025-11-15T08:44:34.400000,486,0x0C3,3.478,27.52,980,Fine,3170,-139.9,43325,0,0.884208,0.467093,36.17
2025-11-15T08:44:34.800000,487,0x0C3,3.488,27.45,978,Standby,3168,-140.0,43325,0,0.883741,0.467977,36.27
2025-11-15T08:44:35.200000,488,0x0C3,3.499,27.38,975,Coarse,3167,-139.9,43325,0,0.883272,0.46886,36.36
2025-11-15T08:44:35.600000,489,0x0C3,3.511,27.31,972,Sun,3165,-139.6,43325,0,0.882803,0.469743,36.46
2025-11-15T08:44:36,490,0x0C3,3.523,27.23,970,Fine,3163,-139.1,43325,0,0.882333,0.470626,36.55
2025-11-15T08:44:36.400000,491,0x0C3,3.535,27.15,967,Standby,3161,-138.4,43325,0,0.881862,0.471508,36.63
2025-11-15T08:44:36.800000,492,0x0C3,3.548,27.06,964,Coarse,3159,-137.5,43325,0,0.88139,0.47239,36.71
2025-11-15T08:44:37.200000,493,0x0C3,3.561,26.97,961,Sun,3157,-136.4,43325,0,0.880917,0.473271,36.79
2025-11-15T08:44:37.600000,494,0x0C3,3.574,26.88,959,Fine,3156,-135.2,43325,0,0.880443,0.474151,36.87
2025-11-15T08:44:38,495,0x0C3,3.588,26.78,956,Standby,3154,-133.9,43325,0,0.879969,0.475032,36.94
2025-11-15T08:44:38.400000,496,0x0C3,3.602,26.68,953,Coarse,3152,-132.3,43325,0,0.879493,0.475911,37.01
2025-11-15T08:44:38.800000,497,0x0C3,3.616,26.58,950,Sun,3150,-130.7,43325,0,0.879017,0.476791,37.07
2025-11-15T08:44:39.200000,498,0x0C3,3.631,26.47,948,Fine,3148,-129.0,43325,0,0.87854,0.477669,37.13
2025-11-15T08:44:39.600000,499,0x0C3,3.645,26.36,945,Standby,3147,-127.1,43325,0,0.878062,0.478548,37.19
