"Date/Time (UTC)","LAN","SMA","GEO"
"2022-07-17 01:59:59",57.175,35786.42,35786
"2022-07-17 10:00:00",57.164,35786.35,35786
"2022-07-17 18:00:00",57.168,35786.194,35786
"2022-07-18  86
"2022-07-22 10:00:00",57.198,35787.042,35786
"2022-07-22 16:59:59",57.211,35787.081,35786
"2022-07-23 01:59:59",57.201,35787.047,35786
"2022-07-23 10:00:00",57.197,35786.979,35786
"2022-07-23 16:59:59",57.205,35787.001,35786
"2022-07-24 01:59:59",57.197,35786.957,35786
"2022-07-24 10:00:00",57.195,35786.872,35786
"2022-07-24 16:59:59",57.2,35786.902,35786
"2022-07-25 01:59:59",57.193,35786.874,35786
"2022-07-25 10:00:00",57.192,35786.788,35786
"2022-07-25 16:59:59",57.198,35786.826,35786
"2022-07-26 01:59:59",57.191,35786.821,35786
"2022-07-26 10:00:00",57.19,35786.724,35786
"2022-07-26 16:59:59",57.196,35786.759,35786
"2022-07-27 01:59:59",57.19,35786.774,35786
"2022-07-27 10:00:00",57.189,35786.678,35786
"2022-07-27 16:59:59",57.193,35786.709,35786
"2022-07-28 01:59:59",57.19,35786.743,35786
"2022-07-28 10:00:00",57.19,35786.65,35786
"2022-07-28 16:59:59",57.2,35786.614,35786
"2022-07-29 02:30:00",57.191,35786.681,35786
"2022-07-29 10:00:00",57.188,35786.678,35786
"2022-07-29 16:59:59",57.202,35786.573,35786
"2022-07-30 02:30:00",57.19,35786.594,35786
"2022-07-30 10:00:00",57.187,35786.481,35786
"2022-07-30 16:59:59",57.197,35786.302,35786
"2022-07-31 02:30:00",57.19,35786.279,35786
"2022-07-31 10:00:00",57.185,35786.153,35786
"2022-07-31 18:00:00",57.192,35786,35786
"2022-08-01 01:59:59",57.195,35786.028,35786
"2022-08-01 10:00:00",57.188,35785.941,35786
"2022-08-01 18:00:00",57.196,35785.866,35786
"2022-08-02 01:59:59",57.201,35785.972,35786
"2022-08-02 10:00:00",57.193,35785.979,35786
"2022-08-02 18:00:00",57.206,35786,35786
"2022-08-03 01:59:59",57.213,35786.184,35786
"2022-08-03 10:00:00",57.205,35786.278,35786
"2022-08-03 18:00:00",57.211,35786.408,35786
"2022-08-04 01:59:59",57.221,35786.615,35786
"2022-08-04 10:00:00",57.219,35786.804,35786
"2022-08-04 18:00:00",57.221,35786.931,35786
"2022-08-05 01:59:59",57.23,35787.098,35786
"2022-08-05 10:00:00",57.226,35787.287,35786
"2022-08-05 18:00:00",57.22,35787.358,35786
"2022-08-06 01:59:59",57.226,35787.318,35786
"2022-08-06 10:00:00",57.225,35787.298,35786
"2022-08-06 18:00:00",57.208,35787.273,35786
"2022-08-07 01:59:59",57.213,35787.247,35786
"2022-08-07 10:00:00",57.213,35787.266,35786
"2022-08-07 18:00:00",57.2,35787.266,35786
"2022-08-08 01:59:59",57.206,35787.205,35786
"2022-08-08 10:00:00",57.208,35787.269,35786
"2022-08-08 18:00:00",57.192,35787.264,35786
"2022-08-09 01:59:59",57.2,35787.192,35786
"2022-08-09 10:00:00",57.2,35787.276,35786
"2022-08-09 18:00:00",57.188,35787.27,35786
"2022-08-10 01:59:59",57.195,35787.173,35786
"2022-08-10 10:00:00",57.193,35787.262,35786
"2022-08-10 18:00:00",57.182,35787.238,35786
"2022-08-11 01:59:59",57.189,35787.125,35786
"2022-08-11 10:00:00",57.188,35787.198,35786
"2022-08-11 18:00:00",57.181,35787.109,35786
"2022-08-12 01:59:59",57.185,35787.041,35786
"2022-08-12 10:00:00",57.179,35787.138,35786
"2022-08-12 18:00:00",57.176,35786.979,35786
"2022-08-13 01:59:59",57.182,35786.862,35786
"2022-08-13 10:00:00",57.172,35786.812,35786
"2022-08-13 18:00:00",57.175,35786.58,35786
"2022-08-14 01:59:59",57.176,35786.453,35786
"2022-08-14 10:00:00",57.168,35786.356,35786
"2022-08-14 18:00:00",57.172,35786.156,35786
"2022-08-15 01:59:59",57.175,35786.067,35786
"2022-08-15 10:00:00",57.165,35786.038,35786
"2022-08-15 18:00:00",57.173,35785.95,35786
"2022-08-16 01:59:59",57.179,35785.94,35786
"2022-08-16 10:00:00",57.168,35785.996,35786
"2022-08-16 18:00:00",57.179,35786.008,35786
"2022-08-17 01:59:59",57.18,35785.731,35786
"2022-08-17 10:00:00",57.171,35785.755,35786
"2022-08-17 18:00:00",57.185,35785.721,35786
"2022-08-18 01:59:59",57.189,35785.897,35786
"2022-08-18 10:00:00",57.182,35786.007,35786
"2022-08-18 18:00:00",57.195,35786.093,35786
"2022-08-19 01:59:59",57.206,35786.321,35786
"2022-08-19 10:00:00",57.199,35786.489,35786
"2022-08-19 18:00:00",57.209,35786.618,35786
"2022-08-20 01:59:59",57.215,35786.83,35786
"2022-08-20 10:00:00",57.213,35786.967,35786
"2022-08-20 18:00:00",57.213,35787.046,35786
"2022-08-21 01:59:59",57.217,35787.091,35786
"2022-08-21 10:00:00",57.214,35786.954,35786
"2022-08-21 18:00:00",57.205,35787.003,35786
"2022-08-22 01:59:59",57.215,35786.997,35786
"2022-08-22 10:00:00",57.212,35786.881,35786
"2022-08-22 18:00:00",57.202,35786.947,35786
"2022-08-23 01:59:59",57.212,35786.951,35786
"2022-08-23 10:00:00",57.21,35786.833,35786
"2022-08-23 18:00:00",57.2,35786.907,35786
"2022-08-24 01:59:59",57.21,35786.921,35786
"2022-08-24 10:00:00",57.207,35786.793,35786
"2022-08-24 18:00:00",57.199,35786.867,35786
"2022-08-25 01:59:59",57.208,35786.887,35786
"2022-08-25 10:00:00",57.208,35786.769,35786
"2022-08-25 18:00:00",57.202,35786.821,35786
"2022-08-26 01:59:59",57.208,35786.849,35786
"2022-08-26 10:00:00",57.208,35786.744,35786
"2022-08-26 18:00:00",57.202,35786.771,35786
"2022-08-27 01:59:59",57.205,35786.81,35786
"2022-08-27 10:00:00",57.198,35786.673,35786
"2022-08-27 18:00:00",57.199,35786.495,35786
"2022-08-28 01:59:59",57.203,35786.504,35786
"2022-08-28 10:00:00",57.193,35786.345,35786
"2022-08-28 18:00:00",57.2,35786.179,35786
"2022-08-29 01:59:59",57.203,35786.213,35786
"2022-08-29 10:00:00",57.192,35786.119,35786
"2022-08-29 18:00:00",57.202,35786.003,35786
"2022-08-30 01:59:59",57.205,35786.129,35786
"2022-08-30 10:00:00",57.199,35786.116,35786
"2022-08-30 18:00:00",57.207,35786.085,35786
"2022-08-31 01:59:59",57.212,35786.291,35786
"2022-08-31 10:00:00",57.205,35786.381,35786
"2022-08-31 18:00:00",57.215,35786.405,35786
"2022-09-01 01:59:59",57.219,35786.645,35786
"2022-09-01 10:00:00",57.213,35786.786,35786
"2022-09-01 18:00:00",57.218,35786.808,35786
"2022-09-02 01:59:59",57.226,35787.038,35786
"2022-09-02 10:00:00",57.22,35787.178,35786
"2022-09-02 18:00:00",57.217,35787.144,35786
"2022-09-03 01:59:59",57.222,35787.206,35786
"2022-09-03 10:00:00",57.221,35787.181,35786
"2022-09-03 18:00:00",57.208,35787.118,35786
"2022-09-04 01:59:59",57.216,35787.145,35786
"2022-09-04 10:00:00",57.213,35787.174,35786
"2022-09-04 18:00:00",57.201,35787.113,35786
"2022-09-05 01:59:59",57.21,35787.121,35786
"2022-09-05 10:00:00",57.207,35787.179,35786
"2022-09-05 18:00:00",57.196,35787.116,35786
"2022-09-06 01:59:59",57.204,35787.109,35786
"2022-09-06 10:00:00",57.204,35787.173,35786
"2022-09-06 18:00:00",57.195,35787.112,35786
"2022-09-07 01:59:59",57.2,35787.073,35786
"2022-09-07 10:00:00",57.199,35787.132,35786
"2022-09-07 18:00:00",57.189,35787.064,35786
"2022-09-08 01:59:59",57.198,35787.003,35786
"2022-09-08 10:00:00",57.194,35787.053,35786
"2022-09-08 18:00:00",57.188,35786.945,35786
"2022-09-09 01:59:59",57.193,35786.901,35786
"2022-09-09 10:00:00",57.188,35787.004,35786
"2022-09-09 18:00:00",57.188,35786.803,35786
"2022-09-10 01:59:59",57.193,35786.706,35786
"2022-09-10 10:00:00",57.181,35786.656,35786
"2022-09-10 18:00:00",57.182,35786.375,35786
"2022-09-11 01:59:59",57.188,35786.261,35786
"2022-09-11 10:00:00",57.176,35786.163,35786
"2022-09-11 18:00:00",57.185,35785.913,35786
"2022-09-12 01:59:59",57.189,35785.876,35786
"2022-09-12 10:00:00",57.178,35785.818,35786
"2022-09-12 18:00:00",57.189,35785.671,35786
"2022-09-13 01:59:59",57.191,35785.746,35786
"2022-09-13 10:00:00",57.183,35785.778,35786
"2022-09-13 18:00:00",57.197,35785.753,35786
"2022-09-14 01:59:59",57.201,35785.934,35786
"2022-09-14 10:00:00",57.197,35786.065,35786
"2022-09-14 18:00:00",57.21,35786.137,35786
"2022-09-15 01:59:59",57.216,35786.358,35786
"2022-09-15 10:00:00",57.212,35786.553,35786
"2022-09-15 18:00:00",57.219,35786.641,35786
"2022-09-16 01:59:59",57.227,35786.834,35786
"2022-09-16 10:00:00",57.224,35786.991,35786
"2022-09-16 18:00:00",57.223,35787.053,35786
"2022-09-17 01:59:59",57.231,35787.035,35786
"2022-09-17 10:00:00",57.226,35786.956,35786
"2022-09-17 18:00:00",57.219,35786.968,35786
"2022-09-18 01:59:59",57.227,35786.955,35786
"2022-09-18 10:00:00",57.223,35786.86,35786
"2022-09-18 18:00:00",57.215,35786.918,35786
"2022-09-19 01:59:59",57.224,35786.897,35786
"2022-09-19 10:00:00",57.22,35786.801,35786
"2022-09-19 18:00:00",57.213,35786.869,35786
"2022-09-20 01:59:59",57.222,35786.865,35786
"2022-09-20 10:00:00",57.217,35786.753,35786
"2022-09-20 18:00:00",57.213,35786.831,35786
"2022-09-21 01:59:59",57.221,35786.84,35786
"2022-09-21 10:00:00",57.22,35786.73,35786
"2022-09-21 18:00:00",57.213,35786.812,35786
"2022-09-22 01:59:59",57.22,35786.8,35786
"2022-09-22 10:00:00",57.221,35786.698,35786
"2022-09-22 18:00:00",57.216,35786.726,35786
"2022-09-23 01:59:59",57.219,35786.771,35786
"2022-09-23 10:00:00",57.218,35786.737,35786
"2022-09-23 18:00:00",57.217,35786.687,35786
"2022-09-24 01:59:59",57.226,35786.613,35786
"2022-09-24 10:00:00",57.212,35786.502,35786
"2022-09-24 18:00:00",57.217,35786.36,35786
"2022-09-25 01:59:59",57.221,35786.241,35786
"2022-09-25 10:00:00",57.21,35786.139,35786
"2022-09-25 18:00:00",57.218,35786.005,35786
"2022-09-26 01:59:59",57.222,35785.936,35786
"2022-09-26 10:00:00",57.212,35785.905,35786
"2022-09-26 18:00:00",57.224,35785.833,35786
"2022-09-27 01:59:59",57.225,35785.862,35786
"2022-09-27 10:00:00",57.217,35785.937,35786
"2022-09-27 18:00:00",57.227,35785.953,35786
"2022-09-28 01:59:59",57.235,35786.119,35786
"2022-09-28 10:00:00",57.23,35786.272,35786
"2022-09-28 18:00:00",57.241,35786.315,35786
"2022-09-29 01:59:59",57.245,35786.568,35786
"2022-09-29 10:00:00",57.243,35786.794,35786
"2022-09-29 18:00:00",57.246,35786.817,35786
"2022-09-30 01:59:59",57.252,35787.068,35786
"2022-09-30 10:00:00",57.251,35787.278,35786
"2022-09-30 18:00:00",57.244,35787.222,35786
"2022-10-01 01:59:59",57.252,35787.289,35786
"2022-10-01 10:00:00",57.25,35787.305,35786
"2022-10-01 18:00:00",57.239,35787.197,35786
"2022-10-02 01:59:59",57.246,35787.27,35786
"2022-10-02 10:00:00",57.242,35787.299,35786
"2022-10-02 18:00:00",57.228,35787.19,35786
"2022-10-03 01:59:59",57.235,35787.258,35786
"2022-10-03 10:00:00",57.235,35787.298,35786
"2022-10-03 18:00:00",57.221,35787.188,35786
"2022-10-04 01:59:59",57.229,35787.226,35786
"2022-10-04 10:00:00",57.229,35787.269,35786
"2022-10-04 18:00:00",57.217,35787.159,35786
"2022-10-05 01:59:59",57.226,35787.162,35786
"2022-10-05 10:00:00",57.223,35787.2,35786
"2022-10-05 18:00:00",57.212,35787.086,35786
"2022-10-06 01:59:59",57.221,35787.056,35786
"2022-10-06 10:00:00",57.221,35787.077,35786
"2022-10-06 18:00:00",57.214,35786.911,35786
"2022-10-07 01:59:59",57.217,35786.906,35786
"2022-10-07 10:00:00",57.211,35786.98,35786
"2022-10-07 18:00:00",57.214,35786.762,35786
"2022-10-08 01:59:59",57.214,35786.574,35786
"2022-10-08 10:00:00",57.203,35786.347,35786
"2022-10-08 18:00:00",57.208,35786.181,35786
"2022-10-09 01:59:59",57.209,35786.077,35786
"2022-10-09 10:00:00",57.196,35785.844,35786
"2022-10-09 18:00:00",57.211,35785.84,35786
"2022-10-10 01:59:59",57.212,35785.85,35786
"2022-10-10 10:00:00",57.199,35785.693,35786
"2022-10-10 18:00:00",57.217,35785.836,35786
"2022-10-11 01:59:59",57.219,35785.953,35786
"2022-10-11 10:00:00",57.211,35785.91,35786
"2022-10-11 18:00:00",57.224,35786.159,35786
"2022-10-12 01:59:59",57.23,35786.352,35786
"2022-10-12 10:00:00",57.23,35786.424,35786
"2022-10-12 18:00:00",57.235,35786.7,35786
"2022-10-13 01:59:59",57.243,35786.867,35786
"2022-10-13 10:00:00",57.242,35786.997,35786
"2022-10-13 18:00:00",57.244,35787.153,35786
"2022-10-14 01:59:59",57.25,35787.198,35786
"2022-10-14 10:00:00",57.25,35787.304,35786
"2022-10-14 18:00:00",57.24,35787.244,35786
"2022-10-15 01:59:59",57.24,35786.988,35786
"2022-10-15 10:00:00",57.238,35786.843,35786
"2022-10-15 18:00:00",57.231,35786.878,35786
"2022-10-16 01:59:59",57.238,35786.837,35786
"2022-10-16 10:00:00",57.236,35786.792,35786
"2022-10-16 18:00:00",57.228,35786.832,35786
"2022-10-17 01:59:59",57.236,35786.788,35786
"2022-10-17 10:00:00",57.234,35786.729,35786
"2022-10-17 18:00:00",57.229,35786.795,35786
"2022-10-18 01:59:59",57.237,35786.756,35786
"2022-10-18 10:00:00",57.235,35786.691,35786
"2022-10-18 18:00:00",57.229,35786.77,35786
"2022-10-19 01:59:59",57.238,35786.733,35786
"2022-10-19 10:00:00",57.233,35786.659,35786
"2022-10-19 18:00:00",57.23,35786.738,35786
"2022-10-20 01:59:59",57.236,35786.696,35786
"2022-10-20 10:00:00",57.235,35786.631,35786
"2022-10-20 18:00:00",57.233,35786.692,35786
"2022-10-21 01:59:59",57.24,35786.642,35786
"2022-10-21 10:00:00",57.232,35786.655,35786
"2022-10-21 18:00:00",57.236,35786.586,35786
"2022-10-22 01:59:59",57.239,35786.495,35786
"2022-10-22 10:00:00",57.232,35786.394,35786
"2022-10-22 18:00:00",57.24,35786.235,35786
"2022-10-23 01:59:59",57.241,35786.104,35786
"2022-10-23 10:00:00",57.232,35786,35786
"2022-10-23 18:00:00",57.241,35785.862,35786
"2022-10-24 01:59:59",57.238,35785.781,35786
"2022-10-24 10:00:00",57.23,35785.756,35786
"2022-10-24 18:00:00",57.241,35785.6,35786
"2022-10-25 01:59:59",57.247,35785.632,35786
"2022-10-25 10:00:00",57.24,35785.734,35786
"2022-10-25 18:00:00",57.253,35785.771,35786
"2022-10-26 01:59:59",57.259,35785.944,35786
"2022-10-26 10:00:00",57.253,35786.172,35786
"2022-10-26 18:00:00",57.262,35786.279,35786
"2022-10-27 01:59:59",57.271,35786.551,35786
"2022-10-27 10:00:00",57.27,35786.859,35786
"2022-10-27 18:00:00",57.273,35786.931,35786
"2022-10-28 01:59:59",57.281,35787.199,35786
"2022-10-28 10:00:00",57.281,35787.489,35786
"2022-10-28 18:00:00",57.272,35787.416,35786
"2022-10-29 01:59:59",57.28,35787.513,35786
"2022-10-29 10:00:00",57.279,35787.546,35786
"2022-10-29 18:00:00",57.26,35787.412,35786
"2022-10-30 01:59:59",57.267,35787.506,35786
"2022-10-30 10:00:00",57.266,35787.536,35786
"2022-10-30 18:00:00",57.251,35787.402,35786
"2022-10-31 01:59:59",57.259,35787.487,35786
"2022-10-31 10:00:00",57.259,35787.506,35786
"2022-10-31 18:00:00",57.242,35787.369,35786
"2022-11-01 01:59:59",57.249,35787.427,35786
"2022-11-01 10:00:00",57.249,35787.442,35786
"2022-11-01 18:00:00",57.235,35787.306,35786
"2022-11-02 01:59:59",57.242,35787.324,35786
"2022-11-02 10:00:00",57.241,35787.333,35786
"2022-11-02 18:00:00",57.227,35787.217,35786
"2022-11-03 01:59:59",57.236,35787.197,35786
"2022-11-03 10:00:00",57.233,35787.18,35786
"2022-11-03 18:00:00",57.225,35787.03,35786
"2022-11-04 01:59:59",57.234,35786.999,35786
"2022-11-04 10:00:00",57.226,35787.063,35786
"2022-11-04 18:00:00",57.224,35786.878,35786
"2022-11-05 01:59:59",57.23,35786.785,35786
"2022-11-05 10:00:00",57.219,35786.733,35786
"2022-11-05 18:00:00",57.218,35786.482,35786
"2022-11-06 01:59:59",57.222,35786.36,35786
"2022-11-06 10:00:00",57.209,35786.296,35786
"2022-11-06 18:00:00",57.216,35786.082,35786
"2022-11-07 01:59:59",57.22,35786.005,35786
"2022-11-07 10:00:00",57.208,35785.996,35786
"2022-11-07 18:00:00",57.218,35785.873,35786
"2022-11-08 01:59:59",57.22,35785.885,35786
"2022-11-08 10:00:00",57.214,35785.975,35786
"2022-11-08 18:00:00",57.223,35785.959,35786
"2022-11-08 23:44:59",57.23,35786.033,35786
"2022-11-09 10:00:00",57.226,35786.241,35786
"2022-11-09 18:00:00",57.235,35786.304,35786
"2022-11-10 01:59:59",57.241,35786.402,35786
"2022-11-10 10:00:00",57.237,35786.638,35786
"2022-11-10 18:00:00",57.242,35786.7,35786
"2022-11-11 01:59:59",57.249,35786.819,35786
"2022-11-11 10:00:00",57.248,35787.049,35786
"2022-11-11 18:00:00",57.245,35787.075,35786
"2022-11-12 01:59:59",57.252,35786.998,35786
"2022-11-12 10:00:00",57.252,35787.003,35786
"2022-11-12 18:00:00",57.242,35787.011,35786
"2022-11-13 01:59:59",57.248,35786.915,35786
"2022-11-13 10:00:00",57.247,35786.935,35786
"2022-11-13 18:00:00",57.238,35786.968,35786
"2022-11-14 01:59:59",57.245,35786.88,35786
"2022-11-14 10:00:00",57.243,35786.878,35786
"2022-11-14 18:00:00",57.235,35786.932,35786
"2022-11-15 01:59:59",57.245,35786.846,35786
"2022-11-15 10:00:00",57.241,35786.834,35786
"2022-11-15 18:00:00",57.237,35786.901,35786
"2022-11-16 01:59:59",57.242,35786.815,35786
"2022-11-16 10:00:00",57.241,35786.796,35786
"2022-11-16 18:00:00",57.236,35786.86,35786
"2022-11-17 01:59:59",57.243,35786.777,35786
"2022-11-17 10:00:00",57.244,35786.751,35786
"2022-11-17 18:00:00",57.237,35786.793,35786
"2022-11-18 01:59:59",57.243,35786.755,35786
"2022-11-18 10:00:00",57.226,35786.791,35786
"2022-11-18 18:00:00",57.236,35786.704,35786
"2022-11-19 01:59:59",57.239,35786.545,35786
"2022-11-19 10:00:00",57.228,35786.489,35786
"2022-11-19 18:00:00",57.236,35786.349,35786
"2022-11-20 01:59:59",57.237,35786.159,35786
"2022-11-20 10:00:00",57.227,35786.118,35786
"2022-11-20 18:00:00",57.234,35786.009,35786
"2022-11-21 01:59:59",57.237,35785.871,35786
"2022-11-21 10:00:00",57.228,35785.913,35786
"2022-11-21 16:59:59",57.24,35785.881,35786
"2022-11-22 01:59:59",57.238,35785.849,35786
"2022-11-22 10:00:00",57.236,35786,35786
"2022-11-22 18:00:00",57.245,35786.046,35786
"2022-11-23 01:59:59",57.249,35786.146,35786
"2022-11-23 10:00:00",57.24,35786.396,35786
"2022-11-23 18:00:00",57.252,35786.48,35786
"2022-11-24 01:59:59",57.264,35786.732,35786
"2022-11-24 10:00:00",57.247,35787.061,35786
"2022-11-24 18:00:00",57.26,35787.129,35786
"2022-11-25 01:59:59",57.269,35787.354,35786
"2022-11-25 10:00:00",57.248,35787.616,35786
"2022-11-25 18:00:00",57.256,35787.564,35786
"2022-11-26 01:59:59",57.265,35787.645,35786
"2022-11-26 10:00:00",57.241,35787.663,35786
"2022-11-26 18:00:00",57.246,35787.564,35786
"2022-11-27 01:59:59",57.252,35787.647,35786
"2022-11-27 10:00:00",57.23,35787.645,35786
"2022-11-27 18:00:00",57.236,35787.53,35786
"2022-11-28 01:59:59",57.242,35787.603,35786
"2022-11-28 10:00:00",57.22,35787.589,35786
"2022-11-28 18:00:00",57.225,35787.47,35786
"2022-11-29 01:59:59",57.234,35787.507,35786
"2022-11-29 10:00:00",57.213,35787.477,35786
"2022-11-29 18:00:00",57.215,35787.37,35786
"2022-11-30 01:59:59",57.22,35787.373,35786
"2022-11-30 10:00:00",57.202,35787.337,35786
"2022-11-30 18:00:00",57.206,35787.236,35786
"2022-12-01 01:59:59",57.215,35787.213,35786
"2022-12-01 10:00:00",57.199,35787.161,35786
"2022-12-01 18:00:00",57.21,35786.991,35786
"2022-12-02 01:59:59",57.214,35786.96,35786
"2022-12-02 10:00:00",57.193,35786.87,35786
"2022-12-02 18:00:00",57.204,35786.617,35786
"2022-12-03 01:59:59",57.205,35786.541,35786
"2022-12-03 10:00:00",57.187,35786.444,35786
"2022-12-03 18:00:00",57.198,35786.213,35786
"2022-12-04 01:59:59",57.201,35786.17,35786
"2022-12-04 10:00:00",57.191,35786.127,35786
"2022-12-04 18:00:00",57.199,35785.988,35786
"2022-12-05 01:59:59",57.202,35786.016,35786
"2022-12-05 10:00:00",57.192,35786.088,35786
"2022-12-05 18:00:00",57.203,35786.052,35786
"2022-12-06 02:30:00",57.204,35786.155,35786
"2022-12-06 10:00:00",57.198,35786.32,35786
"2022-12-06 18:00:00",57.211,35786.361,35786
"2022-12-07 01:59:59",57.218,35786.493,35786
"2022-12-07 10:00:00",57.204,35786.74,35786
"2022-12-07 18:00:00",57.22,35786.811,35786
"2022-12-08 01:59:59",57.225,35786.909,35786
"2022-12-08 10:00:00",57.213,35787.15,35786
"2022-12-08 18:00:00",57.225,35787.198,35786
"2022-12-09 01:59:59",57.228,35787.097,35786
"2022-12-09 10:00:00",57.212,35787.119,35786
"2022-12-09 18:00:00",57.218,35787.124,35786
"2022-12-10 01:59:59",57.222,35786.995,35786
"2022-12-10 10:00:00",57.209,35787.05,35786
"2022-12-10 18:00:00",57.212,35787.069,35786
"2022-12-11 01:59:59",57.219,35786.939,35786
"2022-12-11 10:00:00",57.205,35786.988,35786
"2022-12-11 18:00:00",57.21,35787.026,35786
"2022-12-12 01:59:59",57.218,35786.89,35786
"2022-12-12 10:00:00",57.206,35786.941,35786
"2022-12-12 18:00:00",57.207,35786.98,35786
"2022-12-13 01:59:59",57.216,35786.857,35786
"2022-12-13 10:00:00",57.204,35786.885,35786
"2022-12-13 18:00:00",57.208,35786.934,35786
"2022-12-14 01:59:59",57.214,35786.823,35786
"2022-12-14 10:00:00",57.201,35786.834,35786
"2022-12-14 18:00:00",57.205,35786.876,35786
"2022-12-15 01:59:59",57.211,35786.8,35786
"2022-12-15 10:00:00",57.193,35786.871,35786
"2022-12-15 18:00:00",57.206,35786.816,35786
"2022-12-16 01:59:59",57.209,35786.747,35786
"2022-12-16 10:00:00",57.194,35786.785,35786
"2022-12-16 18:00:00",57.205,35786.715,35786
"2022-12-17 01:59:59",57.21,35786.614,35786
"2022-12-17 10:00:00",57.193,35786.514,35786
"2022-12-17 18:00:00",57.204,35786.358,35786
"2022-12-18 01:59:59",57.205,35786.218,35786
"2022-12-18 10:00:00",57.194,35786.095,35786
"2022-12-18 18:00:00",57.202,35785.96,35786
"2022-12-19 01:59:59",57.2,35785.891,35786
"2022-12-19 10:00:00",57.196,35785.82,35786
"2022-12-19 18:00:00",57.203,35785.8,35786
"2022-12-20 01:59:59",57.205,35785.815,35786
"2022-12-20 10:00:00",57.2,35785.903,35786
"2022-12-20 18:00:00",57.209,35785.978,35786
"2022-12-21 01:59:59",57.216,35786.088,35786
"2022-12-21 10:00:00",57.202,35786.275,35786
"2022-12-21 18:00:00",57.216,35786.432,35786
"2022-12-22 01:59:59",57.221,35786.665,35786
"2022-12-22 10:00:00",57.208,35786.878,35786
"2022-12-22 18:00:00",57.224,35787.011,35786
"2022-12-23 01:14:59",57.233,35787.213,35786
"2022-12-23 09:29:59",57.218,35787.455,35786
"2022-12-23 17:30:00",57.221,35787.498,35786
"2022-12-24 01:30:00",57.225,35787.566,35786
"2022-12-24 09:15:00",57.208,35787.546,35786
"2022-12-24 17:30:00",57.211,35787.469,35786
"2022-12-25 01:30:00",57.216,35787.539,35786
"2022-12-25 09:15:00",57.199,35787.513,35786
"2022-12-25 16:30:00",57.204,35787.411,35786
"2022-12-26 01:14:59",57.209,35787.468,35786
"2022-12-26 09:15:00",57.193,35787.419,35786
"2022-12-26 17:30:00",57.194,35787.319,35786
"2022-12-27 01:14:59",57.204,35787.347,35786
"2022-12-27 09:15:00",57.183,35787.271,35786
"2022-12-27 17:30:00",57.187,35787.189,35786
"2022-12-28 00:29:59",57.194,35787.178,35786
"2022-12-28 09:29:59",57.182,35787.1,35786
"2022-12-28 17:30:00",57.181,35787.024,35786
"2022-12-29 01:59:59",57.19,35786.994,35786
"2022-12-29 10:00:00",57.177,35786.9,35786
"2022-12-29 18:00:00",57.176,35786.852,35786
"2022-12-30 01:59:59",57.186,35786.801,35786
"2022-12-30 10:00:00",57.168,35786.785,35786
"2022-12-30 18:00:00",57.177,35786.657,35786
"2022-12-31 01:59:59",57.181,35786.583,35786
"2022-12-31 10:00:00",57.164,35786.463,35786
"2022-12-31 18:00:00",57.175,35786.279,35786
"2023-01-01 01:59:59",57.177,35786.163,35786
"2023-01-01 10:00:00",57.165,35786.038,35786
"2023-01-01 18:00:00",57.175,35785.882,35786
"2023-01-02 01:59:59",57.177,35785.815,35786
"2023-01-02 10:00:00",57.168,35785.772,35786
"2023-01-02 18:00:00",57.175,35785.718,35786
"2023-01-03 01:59:59",57.182,35785.701,35786
"2023-01-03 10:00:00",57.175,35785.792,35786
"2023-01-03 18:00:00",57.184,35785.835,35786
"2023-01-04 01:59:59",57.194,35785.882,35786
"2023-01-04 10:00:00",57.186,35786.107,35786
"2023-01-04 18:00:00",57.197,35786.261,35786
"2023-01-05 01:59:59",57.207,35786.393,35786
"2023-01-05 10:00:00",57.199,35786.701,35786
"2023-01-05 18:00:00",57.212,35786.863,35786
"2023-01-06 01:59:59",57.222,35786.943,35786
"2023-01-06 10:00:00",57.204,35787.243,35786
"2023-01-06 18:00:00",57.217,35787.319,35786
"2023-01-07 01:59:59",57.22,35787.209,35786
"2023-01-07 10:00:00",57.205,35787.26,35786
"2023-01-07 18:00:00",57.208,35787.28,35786
"2023-01-08 01:59:59",57.215,35787.146,35786
"2023-01-08 10:00:00",57.202,35787.213,35786
"2023-01-08 18:00:00",57.204,35787.231,35786
"2023-01-09 01:59:59",57.211,35787.097,35786
"2023-01-09 10:00:00",57.197,35787.156,35786
"2023-01-09 18:00:00",57.2,35787.175,35786
"2023-01-10 01:59:59",57.205,35787.056,35786
"2023-01-10 10:00:00",57.189,35787.096,35786
"2023-01-10 18:00:00",57.195,35787.118,35786
"2023-01-11 01:59:59",57.203,35787.011,35786
"2023-01-11 10:00:00",57.188,35787.023,35786
"2023-01-11 18:00:00",57.193,35787.038,35786
"2023-01-12 01:59:59",57.199,35786.948,35786
"2023-01-12 10:00:00",57.187,35786.941,35786
"2023-01-12 18:00:00",57.191,35786.921,35786
"2023-01-13 01:59:59",57.198,35786.86,35786
"2023-01-13 10:00:00",57.178,35786.917,35786
"2023-01-13 18:00:00",57.188,35786.808,35786
"2023-01-14 01:59:59",57.195,35786.746,35786
"2023-01-14 10:00:00",57.177,35786.677,35786
"2023-01-14 18:00:00",57.183,35786.493,35786
"2023-01-15 01:59:59",57.189,35786.396,35786
"2023-01-15 10:00:00",57.174,35786.286,35786
"2023-01-15 18:00:00",57.181,35786.132,35786
"2023-01-16 01:59:59",57.185,35786.094,35786
"2023-01-16 10:00:00",57.173,35786.06,35786
"2023-01-16 18:00:00",57.18,35785.975,35786
"2023-01-17 01:59:59",57.185,35786.066,35786
"2023-01-17 10:00:00",57.174,35786.048,35786
"2023-01-17 18:00:00",57.187,35786.101,35786
"2023-01-18 01:59:59",57.19,35786.306,35786
"2023-01-18 10:00:00",57.179,35786.368,35786
"2023-01-18 18:00:00",57.193,35786.52,35786
"2023-01-19 01:59:59",57.199,35786.8,35786
"2023-01-19 10:00:00",57.184,35786.91,35786
"2023-01-19 18:00:00",57.202,35787.081,35786
"2023-01-20 01:59:59",57.21,35787.354,35786
"2023-01-20 10:00:00",57.19,35787.447,35786
"2023-01-20 18:00:00",57.202,35787.551,35786
"2023-01-21 01:59:59",57.209,35787.641,35786
"2023-01-21 10:00:00",57.188,35787.509,35786
"2023-01-21 18:00:00",57.19,35787.533,35786
"2023-01-22 01:59:59",57.199,35787.575,35786
"2023-01-22 10:00:00",57.177,35787.465,35786
"2023-01-22 18:00:00",57.18,35787.444,35786
"2023-01-23 01:59:59",57.188,35787.467,35786
"2023-01-23 10:00:00",57.17,35787.362,35786
"2023-01-23 18:00:00",57.17,35787.315,35786
"2023-01-24 01:59:59",57.18,35787.314,35786
"2023-01-24 10:00:00",57.163,35787.193,35786
"2023-01-24 18:00:00",57.166,35787.14,35786
"2023-01-25 01:59:59",57.169,35787.131,35786
"2023-01-25 10:00:00",57.155,35787.003,35786
"2023-01-25 18:00:00",57.157,35786.955,35786
"2023-01-26 01:59:59",57.166,35786.929,35786
"2023-01-26 10:00:00",57.152,35786.812,35786
"2023-01-26 18:00:00",57.156,35786.766,35786
"2023-01-27 01:59:59",57.162,35786.76,35786
"2023-01-27 10:00:00",57.142,35786.74,35786
"2023-01-27 18:00:00",57.152,35786.608,35786
"2023-01-28 01:59:59",57.158,35786.516,35786
"2023-01-28 10:00:00",57.139,35786.393,35786
"2023-01-28 18:00:00",57.15,35786.213,35786
"2023-01-29 01:59:59",57.154,35786.093,35786
"2023-01-29 10:00:00",57.141,35785.97,35786
"2023-01-29 18:00:00",57.149,35785.84,35786
"2023-01-30 01:59:59",57.153,35785.764,35786
"2023-01-30 10:00:00",57.144,35785.727,35786
"2023-01-30 18:00:00",57.152,35785.697,35786
"2023-01-31 01:59:59",57.155,35785.708,35786
"2023-01-31 10:00:00",57.152,35785.788,35786
"2023-01-31 18:00:00",57.163,35785.861,35786
"2023-02-01 01:59:59",57.168,35785.954,35786
"2023-02-01 10:00:00",57.161,35786.158,35786
"2023-02-01 18:00:00",57.174,35786.302,35786
"2023-02-02 01:59:59",57.185,35786.435,35786
"2023-02-02 10:00:00",57.174,35786.721,35786
"2023-02-02 10:59:59",57.179,35786.755,35786
"2023-02-02 18:00:00",57.188,35786.833,35786
"2023-02-03 01:59:59",57.198,35786.937,35786
"2023-02-03 10:00:00",57.182,35787.212,35786
"2023-02-03 18:00:00",57.19,35787.225,35786
"2023-02-04 01:59:59",57.199,35787.158,35786
"2023-02-04 10:00:00",57.184,35787.219,35786
"2023-02-04 18:00:00",57.186,35787.208,35786
"2023-02-05 01:59:59",57.193,35787.108,35786
"2023-02-05 10:00:00",57.178,35787.164,35786
"2023-02-05 18:00:00",57.182,35787.158,35786
"2023-02-06 01:59:59",57.189,35787.058,35786
"2023-02-06 10:00:00",57.172,35787.108,35786
"2023-02-06 18:00:00",57.177,35787.095,35786
"2023-02-07 01:59:59",57.186,35787.002,35786
"2023-02-07 10:00:00",57.171,35787.028,35786
"2023-02-07 18:00:00",57.175,35787.016,35786
"2023-02-08 01:59:59",57.181,35786.936,35786
"2023-02-08 10:00:00",57.169,35786.938,35786
"2023-02-08 18:00:00",57.172,35786.918,35786
"2023-02-09 01:59:59",57.181,35786.86,35786
"2023-02-09 10:00:00",57.168,35786.834,35786
"2023-02-09 18:00:00",57.175,35786.752,35786
"2023-02-10 01:59:59",57.183,35786.708,35786
"2023-02-10 10:00:00",57.165,35786.765,35786
"2023-02-10 18:00:00",57.172,35786.634,35786
"2023-02-11 01:59:59",57.181,35786.578,35786
"2023-02-11 10:00:00",57.162,35786.5,35786
"2023-02-11 18:00:00",57.168,35786.294,35786
"2023-02-12 01:59:59",57.174,35786.222,35786
"2023-02-12 10:00:00",57.159,35786.095,35786
"2023-02-12 18:00:00",57.168,35785.936,35786
"2023-02-13 01:59:59",57.171,35785.922,35786
"2023-02-13 10:00:00",57.16,35785.823,35786
"2023-02-13 18:00:00",57.169,35785.786,35786
"2023-02-14 01:59:59",57.177,35785.882,35786
"2023-02-14 10:00:00",57.164,35785.866,35786
"2023-02-14 18:00:00",57.175,35785.975,35786
"2023-02-15 01:59:59",57.182,35786.205,35786
"2023-02-15 10:00:00",57.173,35786.255,35786
"2023-02-15 18:00:00",57.186,35786.481,35786
"2023-02-16 01:59:59",57.196,35786.762,35786
"2023-02-16 10:00:00",57.18,35786.885,35786
"2023-02-16 18:00:00",57.198,35787.11,35786
"2023-02-17 01:59:59",57.207,35787.368,35786
"2023-02-17 10:00:00",57.187,35787.454,35786
"2023-02-17 18:00:00",57.202,35787.592,35786
"2023-02-18 01:59:59",57.208,35787.675,35786
"2023-02-18 10:00:00",57.186,35787.509,35786
"2023-02-18 18:00:00",57.188,35787.573,35786
"2023-02-19 01:59:59",57.198,35787.59,35786
"2023-02-19 10:00:00",57.177,35787.451,35786
"2023-02-19 18:00:00",57.178,35787.474,35786
"2023-02-20 01:59:59",57.185,35787.456,35786
"2023-02-20 10:00:00",57.17,35787.327,35786
"2023-02-20 18:00:00",57.171,35787.306,35786
"2023-02-21 01:59:59",57.177,35787.278,35786
"2023-02-21 10:00:00",57.161,35787.153,35786
"2023-02-21 18:00:00",57.163,35787.116,35786
"2023-02-22 01:59:59",57.172,35787.082,35786
"2023-02-22 10:00:00",57.157,35786.962,35786
"2023-02-22 18:00:00",57.16,35786.912,35786
"2023-02-23 01:59:59",57.165,35786.873,35786
"2023-02-23 10:00:00",57.151,35786.77,35786
"2023-02-23 18:00:00",57.156,35786.709,35786
"2023-02-24 01:59:59",57.157,35786.723,35786
"2023-02-24 10:00:00",57.143,35786.704,35786
"2023-02-24 18:00:00",57.155,35786.543,35786
"2023-02-25 01:59:59",57.157,35786.497,35786
"2023-02-25 10:00:00",57.139,35786.362,35786
"2023-02-25 18:00:00",57.151,35786.149,35786
"2023-02-26 01:59:59",57.15,35786.087,35786
"2023-02-26 10:00:00",57.141,35785.942,35786
"2023-02-26 18:00:00",57.147,35785.775,35786
"2023-02-27 01:59:59",57.153,35785.767,35786
"2023-02-27 10:00:00",57.142,35785.709,35786
"2023-02-27 18:00:00",57.154,35785.636,35786
"2023-02-28 01:59:59",57.157,35785.715,35786
"2023-02-28 10:00:00",57.152,35785.791,35786
"2023-02-28 18:00:00",57.166,35785.808,35786
"2023-03-01 01:59:59",57.17,35785.986,35786
"2023-03-01 10:00:00",57.163,35786.184,35786
"2023-03-01 18:00:00",57.177,35786.258,35786
"2023-03-02 01:59:59",57.187,35786.466,35786
"2023-03-02 10:00:00",57.176,35786.736,35786
"2023-03-02 18:00:00",57.194,35786.791,35786
"2023-03-03 01:59:59",57.203,35786.935,35786
"2023-03-03 10:00:00",57.186,35787.225,35786
"2023-03-03 18:00:00",57.196,35787.194,35786
"2023-03-04 01:59:59",57.203,35787.187,35786
"2023-03-04 10:00:00",57.188,35787.23,35786
"2023-03-04 18:00:00",57.19,35787.184,35786
"2023-03-05 01:59:59",57.199,35787.128,35786
"2023-03-05 10:00:00",57.181,35787.171,35786
"2023-03-05 18:00:00",57.185,35787.126,35786
"2023-03-06 01:59:59",57.193,35787.067,35786
"2023-03-06 10:00:00",57.178,35787.103,35786
"2023-03-06 18:00:00",57.183,35787.052,35786
"2023-03-07 01:59:59",57.189,35786.998,35786
"2023-03-07 10:00:00",57.177,35787.02,35786
"2023-03-07 18:00:00",57.18,35786.959,35786
"2023-03-08 01:59:59",57.185,35786.913,35786
"2023-03-08 10:00:00",57.176,35786.915,35786
"2023-03-08 18:00:00",57.177,35786.84,35786
"2023-03-09 01:59:59",57.185,35786.804,35786
"2023-03-09 10:00:00",57.172,35786.791,35786
"2023-03-09 18:00:00",57.178,35786.663,35786
"2023-03-10 01:59:59",57.187,35786.649,35786
"2023-03-10 10:00:00",57.169,35786.716,35786
"2023-03-10 18:00:00",57.177,35786.55,35786
"2023-03-11 01:59:59",57.184,35786.516,35786
"2023-03-11 10:00:00",57.167,35786.444,35786
"2023-03-11 18:00:00",57.177,35786.205,35786
"2023-03-12 01:59:59",57.18,35786.157,35786
"2023-03-12 10:00:00",57.165,35786.035,35786
"2023-03-12 18:00:00",57.173,35785.861,35786
"2023-03-13 01:59:59",57.175,35785.872,35786
"2023-03-13 10:00:00",57.168,35785.791,35786
"2023-03-13 18:00:00",57.173,35785.747,35786
"2023-03-14 01:59:59",57.182,35785.868,35786
"2023-03-14 10:00:00",57.174,35785.858,35786
"2023-03-14 18:00:00",57.182,35785.962,35786
"2023-03-15 01:59:59",57.191,35786.214,35786
"2023-03-15 10:00:00",57.181,35786.275,35786
"2023-03-15 18:00:00",57.195,35786.497,35786
"2023-03-16 01:59:59",57.205,35786.767,35786
"2023-03-16 10:00:00",57.19,35786.855,35786
"2023-03-16 18:00:00",57.207,35787.066,35786
"2023-03-17 01:59:59",57.215,35787.322,35786
"2023-03-17 10:00:00",57.195,35787.383,35786
"2023-03-17 18:00:00",57.212,35787.532,35786
"2023-03-18 01:59:59",57.216,35787.567,35786
"2023-03-18 10:00:00",57.196,35787.418,35786
"2023-03-18 18:00:00",57.198,35787.481,35786
"2023-03-19 01:59:59",57.19,35787.46,35786
"2023-03-19 10:00:00",57.189,35787.34,35786
"2023-03-19 18:00:00",57.192,35787.354,35786
"2023-03-20 01:59:59",57.181,35787.305,35786
"2023-03-20 10:00:00",57.181,35787.207,35786
"2023-03-20 18:00:00",57.184,35787.179,35786
"2023-03-21 01:59:59",57.175,35787.114,35786
"2023-03-21 10:00:00",57.174,35787.032,35786
"2023-03-21 18:00:00",57.179,35786.969,35786
"2023-03-22 01:59:59",57.171,35786.912,35786
"2023-03-22 18:00:00",57.174,35786.768,35786
"2023-03-23 01:59:59",57.172,35786.717,35786
"2023-03-23 10:00:00",57.169,35786.647,35786
"2023-03-23 18:00:00",57.17,35786.565,35786
"2023-03-24 01:59:59",57.169,35786.551,35786
"2023-03-24 10:00:00",57.164,35786.596,35786
"2023-03-24 18:00:00",57.172,35786.418,35786
"2023-03-25 01:59:59",57.171,35786.349,35786
"2023-03-25 10:00:00",57.163,35786.266,35786
"2023-03-25 18:00:00",57.168,35786.025,35786
"2023-03-26 01:59:59",57.173,35785.947,35786
"2023-03-26 10:00:00",57.161,35785.86,35786
"2023-03-26 18:00:00",57.167,35785.648,35786
"2023-03-27 01:59:59",57.181,35785.642,35786
"2023-03-27 10:00:00",57.167,35785.626,35786
"2023-03-27 18:00:00",57.175,35785.501,35786
"2023-03-28 01:59:59",57.187,35785.61,35786
"2023-03-28 10:00:00",57.177,35785.702,35786
"2023-03-28 18:00:00",57.188,35785.679,35786
"2023-03-29 01:59:59",57.198,35785.898,35786
"2023-03-29 10:00:00",57.192,35786.098,35786
"2023-03-29 18:00:00",57.206,35786.149,35786
"2023-03-30 01:59:59",57.21,35786.46,35786
"2023-03-30 10:00:00",57.208,35786.743,35786
"2023-03-30 18:00:00",57.221,35786.78,35786
"2023-03-31 01:59:59",57.221,35787.038,35786
"2023-03-31 10:00:00",57.218,35787.314,35786
"2023-03-31 18:00:00",57.229,35787.291,35786
"2023-04-01 01:59:59",57.217,35787.306,35786
"2023-04-01 10:00:00",57.218,35787.347,35786
"2023-04-01 18:00:00",57.223,35787.249,35786
"2023-04-02 01:59:59",57.213,35787.239,35786
"2023-04-02 10:00:00",57.213,35787.287,35786
"2023-04-02 18:00:00",57.216,35787.194,35786
"2023-04-03 01:59:59",57.207,35787.171,35786
"2023-04-03 10:00:00",57.209,35787.208,35786
"2023-04-03 18:00:00",57.21,35787.121,35786
"2023-04-04 01:59:59",57.204,35787.08,35786
"2023-04-04 10:00:00",57.201,35787.102,35786
"2023-04-04 18:00:00",57.207,35787.01,35786
"2023-04-05 01:59:59",57.201,35786.973,35786
"2023-04-05 10:00:00",57.198,35786.984,35786
"2023-04-05 18:00:00",57.204,35786.892,35786
"2023-04-06 01:59:59",57.198,35786.854,35786
"2023-04-06 10:00:00",57.196,35786.854,35786
"2023-04-06 18:00:00",57.203,35786.726,35786
"2023-04-07 01:59:59",57.198,35786.697,35786
"2023-04-07 10:00:00",57.191,35786.791,35786
"2023-04-07 18:00:00",57.199,35786.616,35786
"2023-04-08 01:59:59",57.198,35786.567,35786
"2023-04-08 10:00:00",57.187,35786.539,35786
"2023-04-08 18:00:00",57.194,35786.312,35786
"2023-04-09 01:59:59",57.195,35786.233,35786
"2023-04-09 10:00:00",57.185,35786.172,35786
"2023-04-09 18:00:00",57.191,35786.003,35786
"2023-04-10 01:59:59",57.195,35785.999,35786
"2023-04-10 10:00:00",57.187,35785.973,35786
"2023-04-10 18:00:00",57.193,35785.935,35786
"2023-04-11 01:59:59",57.199,35786.047,35786
"2023-04-11 10:00:00",57.189,35786.08,35786
"2023-04-11 18:00:00",57.202,35786.165,35786
"2023-04-12 01:59:59",57.205,35786.355,35786
"2023-04-12 10:00:00",57.197,35786.469,35786
"2023-04-12 18:00:00",57.213,35786.647,35786
"2023-04-13 01:59:59",57.211,35786.871,35786
"2023-04-13 10:00:00",57.206,35787.026,35786
"2023-04-13 18:00:00",57.223,35787.227,35786
"2023-04-14 01:59:59",57.214,35787.403,35786
"2023-04-14 10:00:00",57.212,35787.537,35786
"2023-04-14 18:00:00",57.221,35787.659,35786
"2023-04-15 01:59:59",57.208,35787.635,35786
"2023-04-15 10:00:00",57.21,35787.535,35786
"2023-04-15 18:00:00",57.21,35787.573,35786
"2023-04-16 01:59:59",57.198,35787.498,35786
"2023-04-16 10:00:00",57.198,35787.423,35786
"2023-04-16 18:00:00",57.201,35787.418,35786
"2023-04-17 01:59:59",57.191,35787.333,35786
"2023-04-17 10:00:00",57.19,35787.268,35786
"2023-04-17 18:00:00",57.192,35787.236,35786
"2023-04-18 01:59:59",57.182,35787.139,35786
"2023-04-18 10:00:00",57.182,35787.094,35786
"2023-04-18 18:00:00",57.183,35787.036,35786
"2023-04-19 01:59:59",57.177,35786.943,35786
"2023-04-19 10:00:00",57.178,35786.912,35786
"2023-04-19 18:00:00",57.178,35786.837,35786
"2023-04-20 01:59:59",57.174,35786.767,35786
"2023-04-20 10:00:00",57.176,35786.743,35786
"2023-04-20 18:00:00",57.178,35786.644,35786
"2023-04-21 01:59:59",57.173,35786.634,35786
"2023-04-21 10:00:00",57.168,35786.686,35786
"2023-04-21 18:00:00",57.177,35786.478,35786
"2023-04-22 01:59:59",57.172,35786.462,35786
"2023-04-22 10:00:00",57.164,35786.399,35786
"2023-04-22 18:00:00",57.173,35786.103,35786
"2023-04-23 01:59:59",57.172,35786.09,35786
"2023-04-23 10:00:00",57.163,35785.994,35786
"2023-04-23 18:00:00",57.17,35785.722,35786
"2023-04-24 01:59:59",57.176,35785.79,35786
"2023-04-24 10:00:00",57.168,35785.753,35786
"2023-04-24 18:00:00",57.176,35785.625,35786
"2023-04-25 01:59:59",57.186,35785.785,35786
"2023-04-25 10:00:00",57.176,35785.87,35786
"2023-04-25 18:00:00",57.188,35785.77,35786
"2023-04-26 01:59:59",57.194,35786.016,35786
"2023-04-26 10:00:00",57.19,35786.21,35786
"2023-04-26 18:00:00",57.199,35786.181,35786
"2023-04-27 01:59:59",57.205,35786.48,35786
"2023-04-27 10:00:00",57.201,35786.728,35786
"2023-04-27 18:00:00",57.218,35786.72,35786
"2023-04-28 01:59:59",57.213,35786.97,35786
"2023-04-28 10:00:00",57.211,35787.21,35786
"2023-04-28 18:00:00",57.223,35787.131,35786
"2023-04-29 01:59:59",57.216,35787.201,35786
"2023-04-29 10:00:00",57.215,35787.213,35786
"2023-04-29 18:00:00",57.218,35787.111,35786
"2023-04-30 01:59:59",57.209,35787.119,35786
"2023-04-30 10:00:00",57.211,35787.14,35786
"2023-04-30 18:00:00",57.211,35787.048,35786
"2023-05-01 01:59:59",57.208,35787.033,35786
"2023-05-01 10:00:00",57.208,35787.041,35786
"2023-05-01 18:00:00",57.208,35786.963,35786
"2023-05-02 01:59:59",57.204,35786.925,35786
"2023-05-02 10:00:00",57.204,35786.927,35786
"2023-05-02 18:00:00",57.205,35786.854,35786
"2023-05-03 01:59:59",57.202,35786.797,35786
"2023-05-03 10:00:00",57.202,35786.804,35786
"2023-05-03 18:00:00",57.204,35786.74,35786
"2023-05-04 01:59:59",57.2,35786.667,35786
"2023-05-04 10:00:00",57.199,35786.687,35786
"2023-05-04 18:00:00",57.202,35786.601,35786
"2023-05-05 01:59:59",57.203,35786.544,35786
"2023-05-05 10:00:00",57.196,35786.654,35786
"2023-05-05 18:00:00",57.203,35786.509,35786
"2023-05-06 01:59:59",57.202,35786.377,35786
"2023-05-06 10:00:00",57.191,35786.382,35786
"2023-05-06 18:00:00",57.198,35786.205,35786
"2023-05-07 01:59:59",57.202,35786.047,35786
"2023-05-07 10:00:00",57.192,35786.039,35786
"2023-05-07 18:00:00",57.199,35785.93,35786
"2023-05-07 19:00:00",57.2,35785.928,35786
"2023-05-08 01:59:59",57.201,35785.852,35786
"2023-05-08 03:00:00",57.196,35785.812,35786
"2023-05-08 10:00:00",57.193,35785.889,35786
"2023-05-08 18:00:00",57.202,35785.898,35786
"2023-05-09 01:59:59",57.206,35785.926,35786
"2023-05-09 10:00:00",57.199,35786.045,35786
"2023-05-09 18:00:00",57.208,35786.187,35786
"2023-05-10 01:59:59",57.214,35786.305,35786
"2023-05-10 10:00:00",57.207,35786.5,35786
"2023-05-10 18:00:00",57.224,35786.713,35786
"2023-05-11 01:59:59",57.22,35786.874,35786
"2023-05-11 10:00:00",57.22,35787.107,35786
"2023-05-11 18:00:00",57.235,35787.304,35786
"2023-05-12 01:59:59",57.227,35787.407,35786
"2023-05-12 10:00:00",57.223,35787.615,35786
"2023-05-12 18:00:00",57.234,35787.691,35786
"2023-05-13 01:59:59",57.221,35787.612,35786
"2023-05-13 10:00:00",57.219,35787.565,35786
"2023-05-13 18:00:00",57.222,35787.589,35786
"2023-05-14 01:59:59",57.21,35787.463,35786
"2023-05-14 10:00:00",57.208,35787.422,35786
"2023-05-14 18:00:00",57.21,35787.414,35786
"2023-05-15 01:59:59",57.202,35787.289,35786
"2023-05-15 10:00:00",57.2,35787.252,35786
"2023-05-15 18:00:00",57.202,35787.221,35786
"2023-05-16 01:59:59",57.192,35787.101,35786
"2023-05-16 10:00:00",57.19,35787.082,35786
"2023-05-16 18:00:00",57.194,35787.039,35786
"2023-05-17 01:59:59",57.189,35786.918,35786
"2023-05-17 10:00:00",57.185,35786.909,35786
"2023-05-17 18:00:00",57.19,35786.862,35786
"2023-05-18 01:59:59",57.183,35786.76,35786
"2023-05-18 10:00:00",57.183,35786.752,35786
"2023-05-18 18:00:00",57.187,35786.648,35786
"2023-05-19 01:59:59",57.185,35786.583,35786
"2023-05-19 10:00:00",57.18,35786.668,35786
"2023-05-19 18:00:00",57.189,35786.51,35786
"2023-05-20 01:59:59",57.186,35786.441,35786
"2023-05-20 10:00:00",57.184,35786.372,35786
"2023-05-20 18:00:00",57.183,35786.167,35786
"2023-05-21 01:59:59",57.185,35786.111,35786
"2023-05-21 10:00:00",57.182,35786.006,35786
"2023-05-21 18:00:00",57.181,35785.778,35786
"2023-05-22 01:59:59",57.188,35785.799,35786
"2023-05-22 10:00:00",57.185,35785.749,35786
"2023-05-22 18:00:00",57.186,35785.575,35786
"2023-05-23 01:59:59",57.197,35785.714,35786
"2023-05-23 10:00:00",57.195,35785.746,35786
"2023-05-23 18:00:00",57.196,35785.676,35786
"2023-05-24 01:59:59",57.207,35785.926,35786
"2023-05-24 10:00:00",57.208,35786.061,35786
"2023-05-24 18:00:00",57.21,35786.087,35786
"2023-05-25 01:59:59",57.216,35786.442,35786
"2023-05-25 10:00:00",57.216,35786.691,35786
"2023-05-25 18:00:00",57.23,35786.676,35786
"2023-05-26 01:59:59",57.226,35786.965,35786
"2023-05-26 10:00:00",57.223,35787.206,35786
"2023-05-26 18:00:00",57.237,35787.184,35786
"2023-05-27 01:59:59",57.231,35787.319,35786
"2023-05-27 10:00:00",57.23,35787.28,35786
"2023-05-27 18:00:00",57.233,35787.196,35786
"2023-05-28 01:59:59",57.226,35787.192,35786
"2023-05-28 10:00:00",57.223,35787.186,35786
"2023-05-28 18:00:00",57.226,35787.13,35786
"2023-05-29 01:59:59",57.22,35787.098,35786
"2023-05-29 10:00:00",57.219,35787.085,35786
"2023-05-29 18:00:00",57.221,35787.041,35786
"2023-05-30 01:59:59",57.214,35786.975,35786
"2023-05-30 10:00:00",57.214,35786.957,35786
"2023-05-30 18:00:00",57.217,35786.927,35786
"2023-05-31 01:59:59",57.213,35786.847,35786
"2023-05-31 10:00:00",57.211,35786.838,35786
"2023-05-31 18:00:00",57.214,35786.808,35786
"2023-06-01 01:59:59",57.212,35786.708,35786
"2023-06-01 10:00:00",57.208,35786.723,35786
"2023-06-01 18:00:00",57.209,35786.713,35786
"2023-06-02 01:59:59",57.204,35786.631,35786
"2023-06-02 10:00:00",57.198,35786.752,35786
"2023-06-02 18:00:00",57.206,35786.664,35786
"2023-06-03 01:59:59",57.203,35786.502,35786
"2023-06-03 10:00:00",57.196,35786.531,35786
"2023-06-03 18:00:00",57.201,35786.398,35786
"2023-06-04 01:59:59",57.202,35786.211,35786
"2023-06-04 10:00:00",57.192,35786.261,35786
"2023-06-04 18:00:00",57.198,35786.196,35786
"2023-06-05 01:59:59",57.202,35786.037,35786
"2023-06-05 10:00:00",57.192,35786.144,35786
"2023-06-05 18:00:00",57.199,35786.18,35786
"2023-06-06 01:30:00",57.198,35786.125,35786
"2023-06-06 09:15:00",57.195,35786.287,35786
"2023-06-06 17:30:00",57.206,35786.421,35786
"2023-06-07 01:30:00",57.204,35786.463,35786
"2023-06-07 09:29:59",57.207,35786.696,35786
"2023-06-07 16:30:00",57.212,35786.86,35786
"2023-06-08 01:14:59",57.216,35786.947,35786
"2023-06-08 09:29:59",57.216,35787.212,35786
"2023-06-08 16:30:00",57.224,35787.343,35786
"2023-06-09 01:14:59",57.219,35787.401,35786
"2023-06-09 09:29:59",57.22,35787.615,35786
"2023-06-09 16:30:00",57.221,35787.668,35786
"2023-06-10 01:30:00",57.207,35787.569,35786
"2023-06-10 10:14:59",57.213,35787.522,35786
"2023-06-10 17:15:00",57.212,35787.53,35786
"2023-06-11 01:14:59",57.198,35787.4,35786
"2023-06-11 09:15:00",57.198,35787.354,35786
"2023-06-11 17:15:00",57.203,35787.343,35786
"2023-06-12 01:59:59",57.193,35787.212,35786
"2023-06-12 10:00:00",57.189,35787.169,35786
"2023-06-12 18:00:00",57.194,35787.159,35786
"2023-06-13 01:59:59",57.184,35787.029,35786
"2023-06-13 10:00:00",57.183,35787.002,35786
"2023-06-13 18:00:00",57.185,35786.983,35786
"2023-06-14 01:59:59",57.181,35786.869,35786
"2023-06-14 10:00:00",57.178,35786.801,35786
"2023-06-14 18:00:00",57.181,35786.794,35786
"2023-06-15 01:59:59",57.176,35786.686,35786
"2023-06-15 10:00:00",57.177,35786.663,35786
"2023-06-15 18:00:00",57.177,35786.656,35786
"2023-06-16 01:59:59",57.179,35786.568,35786
"2023-06-16 10:00:00",57.177,35786.538,35786
"2023-06-16 18:00:00",57.178,35786.534,35786
"2023-06-17 01:59:59",57.18,35786.458,35786
"2023-06-17 10:00:00",57.177,35786.334,35786
"2023-06-17 18:00:00",57.177,35786.207,35786
"2023-06-18 01:59:59",57.18,35786.132,35786
"2023-06-18 10:00:00",57.177,35785.972,35786
"2023-06-18 18:00:00",57.176,35785.853,35786
"2023-06-19 01:59:59",57.182,35785.847,35786
"2023-06-19 10:00:00",57.18,35785.742,35786
"2023-06-19 18:00:00",57.18,35785.679,35786
"2023-06-20 01:59:59",57.186,35785.793,35786
"2023-06-20 10:00:00",57.18,35785.858,35786
"2023-06-20 18:00:00",57.189,35785.8,35786
"2023-06-21 01:59:59",57.199,35786.033,35786
"2023-06-21 10:00:00",57.194,35786.182,35786
"2023-06-21 18:00:00",57.207,35786.209,35786
"2023-06-22 01:59:59",57.208,35786.522,35786
"2023-06-22 10:00:00",57.206,35786.728,35786
"2023-06-22 18:00:00",57.223,35786.805,35786
"2023-06-23 01:59:59",57.22,35787.079,35786
"2023-06-23 10:00:00",57.218,35787.255,35786
"2023-06-23 18:00:00",57.231,35787.271,35786
"2023-06-24 01:59:59",57.224,35787.354,35786
"2023-06-24 10:00:00",57.22,35787.283,35786
"2023-06-24 18:00:00",57.224,35787.247,35786
"2023-06-25 01:59:59",57.217,35787.245,35786
"2023-06-25 10:00:00",57.216,35787.186,35786
"2023-06-25 18:00:00",57.219,35787.16,35786
"2023-06-26 01:59:59",57.21,35787.134,35786
"2023-06-26 10:00:00",57.207,35787.07,35786
"2023-06-26 18:00:00",57.213,35787.065,35786
"2023-06-27 01:59:59",57.204,35787.003,35786
"2023-06-27 10:00:00",57.202,35786.95,35786
"2023-06-27 18:00:00",57.206,35786.95,35786
"2023-06-28 01:59:59",57.201,35786.87,35786
"2023-06-28 10:00:00",57.2,35786.828,35786
"2023-06-28 12:00:00",57.199,35786.806,35786
"2023-06-28 18:00:00",57.203,35786.843,35786
"2023-06-29 01:59:59",57.2,35786.738,35786
"2023-06-29 10:00:00",57.194,35786.745,35786
"2023-06-29 18:00:00",57.199,35786.766,35786
"2023-06-30 01:59:59",57.194,35786.682,35786
"2023-06-30 10:00:00",57.186,35786.799,35786
"2023-06-30 18:00:00",57.198,35786.742,35786
"2023-07-01 01:59:59",57.193,35786.605,35786
"2023-07-01 10:00:00",57.185,35786.666,35786
"2023-07-01 18:00:00",57.189,35786.534,35786
"2023-07-02 01:59:59",57.189,35786.358,35786
"2023-07-02 10:00:00",57.18,35786.411,35786
"2023-07-02 18:00:00",57.188,35786.311,35786
"2023-07-03 01:59:59",57.185,35786.178,35786
"2023-07-03 10:00:00",57.179,35786.295,35786
"2023-07-03 18:00:00",57.186,35786.266,35786
"2023-07-04 01:59:59",57.187,35786.224,35786
"2023-07-04 10:00:00",57.182,35786.399,35786
"2023-07-04 18:00:00",57.192,35786.461,35786
"2023-07-05 01:59:59",57.192,35786.505,35786
"2023-07-05 10:00:00",57.188,35786.753,35786
"2023-07-05 18:00:00",57.201,35786.842,35786
"2023-07-06 01:59:59",57.197,35786.921,35786
"2023-07-06 10:00:00",57.192,35787.153,35786
"2023-07-06 18:00:00",57.208,35787.239,35786
"2023-07-07 01:59:59",57.201,35787.299,35786
"2023-07-07 10:00:00",57.196,35787.468,35786
"2023-07-07 18:00:00",57.206,35787.502,35786
"2023-07-08 01:59:59",57.194,35787.409,35786
"2023-07-08 10:00:00",57.192,35787.341,35786
"2023-07-08 18:00:00",57.195,35787.326,35786
"2023-07-09 01:59:59",57.185,35787.21,35786
"2023-07-09 10:00:00",57.183,35787.147,35786
"2023-07-09 18:00:00",57.187,35787.132,35786
"2023-07-10 01:59:59",57.179,35787.032,35786
"2023-07-10 10:00:00",57.178,35786.964,35786
"2023-07-10 18:00:00",57.182,35787.038,35786
"2023-07-11 01:59:59",57.175,35786.955,35786
"2023-07-11 10:00:00",57.171,35786.88,35786
"2023-07-11 18:00:00",57.174,35786.889,35786
"2023-07-12 01:59:59",57.17,35786.803,35786
"2023-07-12 10:00:00",57.165,35786.727,35786
"2023-07-12 18:29:59",57.167,35786.753,35786
"2023-07-13 01:59:59",57.168,35786.673,35786
"2023-07-13 10:00:00",57.165,35786.598,35786
"2023-07-13 18:00:00",57.169,35786.642,35786
"2023-07-14 01:59:59",57.17,35786.575,35786
"2023-07-14 10:00:00",57.165,35786.496,35786
"2023-07-14 18:00:00",57.168,35786.537,35786
"2023-07-15 01:59:59",57.168,35786.455,35786
"2023-07-15 10:00:00",57.164,35786.245,35786
"2023-07-15 18:00:00",57.167,35786.219,35786
"2023-07-16 01:59:59",57.17,35786.113,35786
"2023-07-16 10:00:00",57.162,35785.894,35786
"2023-07-16 18:00:00",57.173,35785.799,35786
"2023-07-17 01:59:59",57.176,35785.793,35786
"2023-07-17 10:00:00",57.167,35785.682,35786
"2023-07-17 18:00:00",57.179,35785.665,35786
"2023-07-18 01:59:59",57.186,35785.758,35786
"2023-07-18 10:00:00",57.177,35785.764,35786
"2023-07-18 18:00:00",57.19,35785.827,35786
"2023-07-19 01:59:59",57.196,35786.033,35786
"2023-07-19 10:00:00",57.192,35786.131,35786
"2023-07-19 18:00:00",57.202,35786.467,35786
"2023-07-20 01:59:59",57.211,35786.722,35786
"2023-07-20 10:00:00",57.211,35786.875,35786
"2023-07-20 18:00:00",57.214,35787.052,35786
"2023-07-21 01:59:59",57.223,35787.236,35786
"2023-07-21 10:00:00",57.219,35787.361,35786
"2023-07-21 18:00:00",57.212,35787.399,35786
"2023-07-22 01:59:59",57.217,35787.361,35786
"2023-07-22 10:00:00",57.215,35787.227,35786
"2023-07-22 18:00:00",57.205,35787.232,35786
"2023-07-23 01:59:59",57.21,35787.23,35786
"2023-07-23 10:00:00",57.21,35787.135,35786
"2023-07-23 18:00:00",57.197,35787.127,35786
"2023-07-24 01:59:59",57.205,35787.104,35786
"2023-07-24 10:00:00",57.202,35787.013,35786
"2023-07-24 18:00:00",57.192,35787.011,35786
"2023-07-25 01:59:59",57.203,35786.985,35786
"2023-07-25 10:00:00",57.198,35786.896,35786
"2023-07-25 18:00:00",57.191,35786.902,35786
"2023-07-26 01:59:59",57.198,35786.859,35786
"2023-07-26 18:00:00",57.187,35786.803,35786
"2023-07-27 01:59:59",57.193,35786.748,35786
"2023-07-27 10:00:00",57.191,35786.728,35786
"2023-07-27 18:00:00",57.185,35786.749,35786
"2023-07-28 01:59:59",57.193,35786.679,35786
"2023-07-28 10:00:00",57.186,35786.77,35786
"2023-07-28 18:00:00",57.186,35786.703,35786
"2023-07-29 01:59:59",57.191,35786.641,35786
"2023-07-29 10:00:00",57.185,35786.723,35786
"2023-07-29 18:00:00",57.185,35786.545,35786
"2023-07-30 01:59:59",57.189,35786.421,35786
"2023-07-30 10:00:00",57.18,35786.496,35786
"2023-07-30 18:00:00",57.182,35786.319,35786
"2023-07-31 01:59:59",57.185,35786.223,35786
"2023-07-31 10:00:00",57.176,35786.357,35786
"2023-07-31 18:00:00",57.183,35786.225,35786
"2023-08-01 01:59:59",57.189,35786.214,35786
"2023-08-01 10:00:00",57.181,35786.413,35786
"2023-08-01 18:00:00",57.186,35786.372,35786
"2023-08-02 01:59:59",57.19,35786.447,35786
"2023-08-02 10:00:00",57.186,35786.688,35786
"2023-08-02 18:00:00",57.188,35786.719,35786
"2023-08-03 01:59:59",57.197,35786.85,35786
"2023-08-03 10:00:00",57.193,35787.079,35786
"2023-08-03 18:00:00",57.192,35787.112,35786
"2023-08-04 01:59:59",57.204,35787.24,35786
"2023-08-04 10:00:00",57.197,35787.407,35786
"2023-08-04 18:00:00",57.192,35787.392,35786
"2023-08-05 01:59:59",57.199,35787.417,35786
"2023-08-05 10:00:00",57.2,35787.299,35786
"2023-08-05 18:00:00",57.186,35787.252,35786
"2023-08-06 01:59:59",57.192,35787.187,35786
"2023-08-06 10:00:00",57.187,35787.095,35786
"2023-08-06 18:00:00",57.175,35787.057,35786
"2023-08-07 01:59:59",57.186,35787.008,35786
"2023-08-07 10:00:00",57.18,35786.911,35786
"2023-08-07 18:00:00",57.172,35786.899,35786
"2023-08-08 01:59:59",57.181,35786.857,35786
"2023-08-08 10:00:00",57.177,35786.75,35786
"2023-08-08 18:00:00",57.171,35786.763,35786
"2023-08-09 01:59:59",57.178,35786.73,35786
"2023-08-09 10:00:00",57.176,35786.613,35786
"2023-08-09 18:00:00",57.17,35786.65,35786
"2023-08-10 01:59:59",57.178,35786.613,35786
"2023-08-10 10:00:00",57.173,35786.493,35786
"2023-08-10 18:00:00",57.173,35786.562,35786
"2023-08-11 01:59:59",57.176,35786.581,35786
"2023-08-11 10:00:00",57.168,35786.525,35786
"2023-08-11 18:00:00",57.171,35786.496,35786
"2023-08-12 01:59:59",57.176,35786.45,35786
"2023-08-12 10:00:00",57.165,35786.262,35786
"2023-08-12 18:00:00",57.174,35786.182,35786
"2023-08-13 01:59:59",57.177,35786.125,35786
"2023-08-13 10:00:00",57.166,35785.912,35786
"2023-08-13 18:00:00",57.174,35785.863,35786
"2023-08-14 01:59:59",57.18,35785.863,35786
"2023-08-14 10:00:00",57.169,35785.709,35786
"2023-08-14 18:00:00",57.181,35785.747,35786
"2023-08-15 01:59:59",57.187,35785.847,35786
"2023-08-15 10:00:00",57.18,35785.806,35786
"2023-08-15 18:00:00",57.192,35785.92,35786
"2023-08-16 02:15:00",57.194,35786.125,35786
"2023-08-16 10:14:59",57.199,35786.191,35786
"2023-08-16 18:00:00",57.206,35786.355,35786
"2023-08-17 01:59:59",57.213,35786.573,35786
"2023-08-17 10:00:00",57.208,35786.692,35786
"2023-08-17 18:00:00",57.214,35786.809,35786
"2023-08-18 01:59:59",57.22,35787.021,35786
"2023-08-18 10:00:00",57.22,35787.121,35786
"2023-08-18 18:00:00",57.213,35787.158,35786
"2023-08-19 01:59:59",57.223,35787.182,35786
"2023-08-19 10:00:00",57.22,35787.074,35786
"2023-08-19 18:00:00",57.213,35787.06,35786
"2023-08-20 01:59:59",57.22,35787.058,35786
"2023-08-20 10:00:00",57.218,35786.964,35786
"2023-08-20 18:00:00",57.209,35786.941,35786
"2023-08-21 01:59:59",57.215,35786.946,35786
"2023-08-21 10:00:00",57.21,35786.842,35786
"2023-08-21 18:00:00",57.206,35786.818,35786
"2023-08-22 01:59:59",57.209,35786.823,35786
"2023-08-22 10:00:00",57.207,35786.738,35786
"2023-08-22 18:00:00",57.2,35786.7,35786
"2023-08-23 01:59:59",57.21,35786.717,35786
"2023-08-23 10:00:00",57.205,35786.65,35786
"2023-08-23 18:00:00",57.202,35786.617,35786
"2023-08-24 01:59:59",57.206,35786.641,35786
"2023-08-24 10:00:00",57.204,35786.606,35786
"2023-08-24 18:00:00",57.205,35786.53,35786
"2023-08-25 01:59:59",57.207,35786.586,35786
"2023-08-25 10:00:00",57.203,35786.68,35786
"2023-08-25 18:00:00",57.206,35786.552,35786
"2023-08-26 01:59:59",57.209,35786.56,35786
"2023-08-26 10:00:00",57.201,35786.574,35786
"2023-08-26 18:00:00",57.205,35786.366,35786
"2023-08-27 01:59:59",57.209,35786.327,35786
"2023-08-27 10:00:00",57.197,35786.335,35786
"2023-08-27 18:00:00",57.203,35786.16,35786
"2023-08-28 01:59:59",57.21,35786.149,35786
"2023-08-28 10:00:00",57.2,35786.202,35786
"2023-08-28 18:00:00",57.208,35786.108,35786
"2023-08-29 01:59:59",57.212,35786.167,35786
"2023-08-29 10:00:00",57.204,35786.295,35786
"2023-08-29 18:00:00",57.212,35786.287,35786
"2023-08-30 01:59:59",57.216,35786.429,35786
"2023-08-30 10:00:00",57.212,35786.619,35786
"2023-08-30 18:00:00",57.217,35786.661,35786
"2023-08-31 01:59:59",57.224,35786.847,35786
"2023-08-31 10:00:00",57.224,35787.068,35786
"2023-08-31 18:00:00",57.226,35787.096,35786
"2023-09-01 01:59:59",57.233,35787.278,35786
"2023-09-01 10:00:00",57.232,35787.439,35786
"2023-09-01 18:00:00",57.221,35787.421,35786
"2023-09-02 01:59:59",57.228,35787.378,35786
"2023-09-02 10:00:00",57.226,35787.295,35786
"2023-09-02 18:00:00",57.212,35787.202,35786
"2023-09-03 01:59:59",57.219,35787.186,35786
"2023-09-03 10:00:00",57.219,35787.1,35786
"2023-09-03 18:00:00",57.205,35787.021,35786
"2023-09-04 01:59:59",57.212,35787.017,35786
"2023-09-04 10:00:00",57.21,35786.924,35786
"2023-09-04 18:00:00",57.202,35786.878,35786
"2023-09-05 01:59:59",57.21,35786.878,35786
"2023-09-05 10:00:00",57.207,35786.777,35786
"2023-09-05 18:00:00",57.201,35786.763,35786
"2023-09-06 01:59:59",57.205,35786.753,35786
"2023-09-06 10:00:00",57.203,35786.653,35786
"2023-09-06 18:00:00",57.199,35786.662,35786
"2023-09-07 01:00:00",57.2,35786.668,35786
"2023-09-07 10:00:00",57.202,35786.548,35786
"2023-09-07 18:00:00",57.199,35786.564,35786
"2023-09-08 01:59:59",57.207,35786.58,35786
"2023-09-08 10:00:00",57.198,35786.547,35786
"2023-09-08 18:00:00",57.201,35786.5,35786
"2023-09-09 01:59:59",57.209,35786.455,35786
"2023-09-09 10:00:00",57.197,35786.287,35786
"2023-09-09 18:00:00",57.203,35786.197,35786
"2023-09-10 01:59:59",57.209,35786.136,35786
"2023-09-10 10:00:00",57.197,35785.946,35786
"2023-09-10 18:00:00",57.205,35785.902,35786
"2023-09-11 01:59:59",57.21,35785.885,35786
"2023-09-11 10:00:00",57.201,35785.762,35786
"2023-09-11 18:00:00",57.213,35785.787,35786
"2023-09-12 01:59:59",57.218,35785.87,35786
"2023-09-12 10:00:00",57.209,35785.854,35786
"2023-09-12 18:00:00",57.225,35785.966,35786
"2023-09-13 01:59:59",57.229,35786.133,35786
"2023-09-13 10:00:00",57.224,35786.219,35786
"2023-09-13 18:45:00",57.235,35786.402,35786
"2023-09-14 01:59:59",57.243,35786.607,35786
"2023-09-14 10:00:00",57.241,35786.777,35786
"2023-09-14 18:00:00",57.246,35786.892,35786
"2023-09-15 01:59:59",57.254,35787.092,35786
"2023-09-15 10:00:00",57.252,35787.24,35786
"2023-09-15 18:00:00",57.248,35787.239,35786
"2023-09-16 01:59:59",57.255,35787.227,35786
"2023-09-16 10:00:00",57.252,35787.167,35786
"2023-09-16 18:00:00",57.243,35787.113,35786
"2023-09-17 01:59:59",57.248,35787.109,35786
"2023-09-17 10:00:00",57.248,35787.045,35786
"2023-09-17 18:00:00",57.237,35786.983,35786
"2023-09-18 01:59:59",57.243,35786.982,35786
"2023-09-18 10:00:00",57.24,35786.936,35786
"2023-09-18 18:00:00",57.234,35786.853,35786
"2023-09-19 01:59:59",57.239,35786.888,35786
"2023-09-19 10:00:00",57.238,35786.844,35786
"2023-09-19 18:00:00",57.231,35786.754,35786
"2023-09-20 01:59:59",57.237,35786.81,35786
"2023-09-20 10:00:00",57.235,35786.778,35786
"2023-09-20 18:00:00",57.226,35786.685,35786
"2023-09-21 01:59:59",57.232,35786.768,35786
"2023-09-21 10:00:00",57.231,35786.764,35786
"2023-09-21 18:00:00",57.229,35786.611,35786
"2023-09-22 01:59:59",57.236,35786.721,35786
"2023-09-22 10:00:00",57.229,35786.842,35786
"2023-09-22 18:00:00",57.228,35786.63,35786
"2023-09-23 01:59:59",57.234,35786.691,35786
"2023-09-23 10:00:00",57.225,35786.724,35786
"2023-09-23 18:00:00",57.228,35786.454,35786
"2023-09-24 01:59:59",57.231,35786.467,35786
"2023-09-24 10:00:00",57.22,35786.487,35786
"2023-09-24 18:00:00",57.225,35786.261,35786
"2023-09-25 01:59:59",57.228,35786.287,35786
"2023-09-25 10:00:00",57.22,35786.352,35786
"2023-09-25 18:00:00",57.227,35786.207,35786
"2023-09-26 01:59:59",57.233,35786.289,35786
"2023-09-26 10:00:00",57.223,35786.429,35786
"2023-09-26 18:00:00",57.231,35786.373,35786
"2023-09-27 01:59:59",57.239,35786.511,35786
"2023-09-27 10:00:00",57.233,35786.72,35786
"2023-09-27 18:00:00",57.237,35786.721,35786
"2023-09-28 01:59:59",57.246,35786.892,35786
"2023-09-28 10:00:00",57.243,35787.138,35786
"2023-09-28 18:00:00",57.242,35787.133,35786
"2023-09-29 01:59:59",57.251,35787.268,35786
"2023-09-29 10:00:00",57.249,35787.473,35786
"2023-09-29 18:00:00",57.238,35787.378,35786
"2023-09-30 01:59:59",57.244,35787.348,35786
"2023-09-30 10:00:00",57.243,35787.31,35786
"2023-09-30 18:00:00",57.23,35787.186,35786
"2023-10-01 01:59:59",57.237,35787.167,35786
"2023-10-01 10:00:00",57.233,35787.128,35786
"2023-10-01 18:00:00",57.223,35787.024,35786
"2023-10-02 01:59:59",57.228,35787.008,35786
"2023-10-02 10:00:00",57.226,35786.968,35786
"2023-10-02 18:29:59",57.224,35786.89,35786
"2023-10-03 01:59:59",57.222,35786.876,35786
"2023-10-03 10:00:00",57.222,35786.834,35786
"2023-10-03 18:00:00",57.213,35786.79,35786
"2023-10-04 01:59:59",57.221,35786.777,35786
"2023-10-04 09:15:00",57.217,35786.709,35786
"2023-10-04 17:15:00",57.213,35786.705,35786
"2023-10-05 01:30:00",57.218,35786.701,35786
"2023-10-05 09:15:00",57.216,35786.608,35786
"2023-10-05 17:15:00",57.213,35786.61,35786
"2023-10-06 01:14:59",57.225,35786.592,35786
"2023-10-06 10:14:59",57.22,35786.606,35786
"2023-10-06 17:15:00",57.215,35786.545,35786
"2023-10-07 01:14:59",57.226,35786.467,35786
"2023-10-07 10:00:00",57.214,35786.338,35786
"2023-10-07 18:00:00",57.221,35786.214,35786
"2023-10-08 01:59:59",57.223,35786.142,35786
"2023-10-08 10:00:00",57.211,35786.001,35786
"2023-10-08 18:00:00",57.221,35785.921,35786
"2023-10-09 01:59:59",57.223,35785.898,35786
"2023-10-09 10:00:00",57.214,35785.814,35786
"2023-10-09 18:00:00",57.226,35785.82,35786
"2023-10-10 01:59:59",57.232,35785.886,35786
"2023-10-10 10:00:00",57.224,35785.914,35786
"2023-10-10 18:00:00",57.239,35786,35786
"2023-10-11 01:59:59",57.244,35786.135,35786
"2023-10-11 10:00:00",57.238,35786.277,35786
"2023-10-11 18:00:00",57.248,35786.407,35786
"2023-10-12 01:59:59",57.259,35786.584,35786
"2023-10-12 10:00:00",57.257,35786.802,35786
"2023-10-12 18:00:00",57.258,35786.895,35786
"2023-10-13 01:59:59",57.269,35787.031,35786
"2023-10-13 10:00:00",57.267,35787.231,35786
"2023-10-13 18:00:00",57.261,35787.229,35786
"2023-10-14 01:59:59",57.268,35787.183,35786
"2023-10-14 10:00:00",57.268,35787.171,35786
"2023-10-14 18:00:00",57.255,35787.098,35786
"2023-10-15 01:59:59",57.262,35787.056,35786
"2023-10-15 10:00:00",57.259,35787.058,35786
"2023-10-15 18:00:00",57.247,35786.969,35786
"2023-10-16 01:59:59",57.254,35786.953,35786
"2023-10-16 10:00:00",57.252,35786.958,35786
"2023-10-16 18:00:00",57.243,35786.858,35786
"2023-10-17 01:59:59",57.251,35786.868,35786
"2023-10-17 10:00:00",57.248,35786.886,35786
"2023-10-17 18:00:00",57.242,35786.767,35786
"2023-10-18 01:59:59",57.249,35786.83,35786
"2023-10-18 10:00:00",57.244,35786.853,35786
"2023-10-18 18:00:00",57.236,35786.72,35786
"2023-10-19 01:59:59",57.244,35786.815,35786
"2023-10-19 10:00:00",57.245,35786.853,35786
"2023-10-19 18:00:00",57.241,35786.657,35786
"2023-10-20 01:59:59",57.247,35786.785,35786
"2023-10-20 10:00:00",57.24,35786.933,35786
"2023-10-20 18:00:00",57.24,35786.683,35786
"2023-10-21 01:59:59",57.245,35786.743,35786
"2023-10-21 10:00:00",57.238,35786.781,35786
"2023-10-21 18:00:00",57.237,35786.486,35786
"2023-10-22 01:59:59",57.24,35786.499,35786
"2023-10-22 10:00:00",57.23,35786.51,35786
"2023-10-22 18:00:00",57.235,35786.258,35786
"2023-10-23 01:59:59",57.241,35786.284,35786
"2023-10-23 10:00:00",57.229,35786.342,35786
"2023-10-23 18:00:00",57.235,35786.187,35786
"2023-10-24 01:59:59",57.243,35786.259,35786
"2023-10-24 10:00:00",57.231,35786.383,35786
"2023-10-24 18:00:00",57.24,35786.34,35786
"2023-10-25 01:59:59",57.247,35786.458,35786
"2023-10-25 10:00:00",57.242,35786.665,35786
"2023-10-25 18:00:00",57.246,35786.675,35786
"2023-10-26 01:59:59",57.255,35786.848,35786
"2023-10-26 10:00:00",57.25,35787.081,35786
"2023-10-26 18:00:00",57.254,35787.081,35786
"2023-10-27 01:59:59",57.26,35787.224,35786
"2023-10-27 10:00:00",57.259,35787.435,35786
"2023-10-27 18:00:00",57.25,35787.359,35786
"2023-10-28 01:59:59",57.254,35787.302,35786
"2023-10-28 10:00:00",57.254,35787.302,35786
"2023-10-28 18:00:00",57.241,35787.202,35786
"2023-10-29 01:59:59",57.244,35787.132,35786
"2023-10-29 10:00:00",57.245,35787.138,35786
"2023-10-29 18:00:00",57.23,35787.052,35786
"2023-10-30 01:59:59",57.236,35786.99,35786
"2023-10-30 10:00:00",57.239,35787.008,35786
"2023-10-31 01:59:59",57.232,35786.866,35786
"2023-10-31 10:00:00",57.232,35786.887,35786
"2023-10-31 18:00:00",57.222,35786.835,35786
"2023-11-01 01:59:59",57.228,35786.771,35786
"2023-11-01 10:00:00",57.228,35786.784,35786
"2023-11-01 18:00:00",57.222,35786.761,35786
"2023-11-02 01:59:59",57.229,35786.688,35786
"2023-11-02 10:00:00",57.227,35786.692,35786
"2023-11-02 18:00:00",57.226,35786.644,35786
"2023-11-03 02:15:00",57.228,35786.588,35786
"2023-11-03 10:00:00",57.222,35786.671,35786
"2023-11-03 18:00:00",57.228,35786.578,35786
"2023-11-04 01:59:59",57.232,35786.44,35786
"2023-11-04 10:00:00",57.223,35786.398,35786
"2023-11-04 18:00:00",57.227,35786.279,35786
"2023-11-05 01:59:59",57.228,35786.119,35786
"2023-11-05 06:45:00",57.22,35786.059,35786
"2023-11-05 10:00:00",57.218,35786.061,35786
"2023-11-05 18:00:00",57.228,35785.979,35786
"2023-11-06 01:59:59",57.23,35785.878,35786
"2023-11-06 10:00:00",57.223,35785.875,35786
"2023-11-06 18:00:00",57.233,35785.886,35786
"2023-11-07 01:59:59",57.238,35785.865,35786
"2023-11-07 10:00:00",57.231,35785.962,35786
"2023-11-07 18:00:00",57.244,35786.053,35786
"2023-11-08 01:59:59",57.248,35786.123,35786
"2023-11-08 10:00:00",57.246,35786.323,35786
"2023-11-08 18:00:00",57.254,35786.478,35786
"2023-11-09 01:59:59",57.266,35786.613,35786
"2023-11-09 10:00:00",57.265,35786.91,35786
"2023-11-09 18:00:00",57.265,35787.042,35786
"2023-11-10 01:59:59",57.275,35787.115,35786
"2023-11-10 10:00:00",57.275,35787.378,35786
"2023-11-10 18:00:00",57.265,35787.388,35786
"2023-11-11 01:59:59",57.272,35787.292,35786
"2023-11-11 10:00:00",57.27,35787.313,35786
"2023-11-11 18:00:00",57.256,35787.265,35786
"2023-11-12 01:59:59",57.265,35787.183,35786
"2023-11-12 10:00:00",57.262,35787.203,35786
"2023-11-12 18:00:00",57.248,35787.142,35786
"2023-11-13 01:59:59",57.254,35787.098,35786
"2023-11-13 10:00:00",57.253,35787.121,35786
"2023-11-13 18:00:00",57.24,35787.047,35786
"2023-11-14 01:59:59",57.247,35787.047,35786
"2023-11-14 10:00:00",57.232,35787.08,35786
"2023-11-14 18:00:00",57.237,35786.995,35786
"2023-11-15 01:59:59",57.241,35787.031,35786
"2023-11-15 10:00:00",57.228,35787.079,35786
"2023-11-15 18:00:00",57.231,35786.976,35786
"2023-11-16 01:59:59",57.24,35787.045,35786
"2023-11-16 10:00:00",57.224,35787.093,35786
"2023-11-16 18:00:00",57.231,35786.907,35786
"2023-11-17 01:59:59",57.239,35787.041,35786
"2023-11-17 10:00:00",57.218,35787.148,35786
"2023-11-17 18:00:00",57.231,35786.92,35786
"2023-11-18 01:59:59",57.233,35786.995,35786
"2023-11-18 10:00:00",57.214,35786.985,35786
"2023-11-18 18:00:00",57.226,35786.7,35786
"2023-11-19 01:59:59",57.228,35786.725,35786
"2023-11-19 10:00:00",57.21,35786.684,35786
"2023-11-19 18:00:00",57.218,35786.434,35786
"2023-11-20 01:59:59",57.222,35786.475,35786
"2023-11-20 10:00:00",57.207,35786.466,35786
"2023-11-20 18:00:00",57.217,35786.312,35786
"2023-11-21 01:59:59",57.22,35786.402,35786
"2023-11-21 10:00:00",57.207,35786.462,35786
"2023-11-21 18:00:00",57.219,35786.432,35786
"2023-11-22 01:59:59",57.224,35786.557,35786
"2023-11-22 10:00:00",57.21,35786.712,35786
"2023-11-22 18:00:00",57.222,35786.758,35786
"2023-11-23 01:59:59",57.233,35786.862,35786
"2023-11-23 10:00:00",57.215,35787.084,35786
"2023-11-23 18:00:00",57.228,35787.125,35786
"2023-11-24 01:59:59",57.236,35787.183,35786
"2023-11-24 10:00:00",57.216,35787.391,35786
"2023-11-24 18:00:00",57.222,35787.375,35786
"2023-11-25 01:59:59",57.231,35787.258,35786
"2023-11-25 10:00:00",57.212,35787.272,35786
"2023-11-25 18:00:00",57.213,35787.226,35786
"2023-11-26 01:59:59",57.218,35787.104,35786
"2023-11-26 10:00:00",57.203,35787.137,35786
"2023-11-26 18:00:00",57.207,35787.098,35786
"2023-11-27 01:59:59",57.213,35786.972,35786
"2023-11-27 10:00:00",57.2,35787.032,35786
"2023-11-27 18:00:00",57.201,35786.995,35786
"2023-11-28 01:59:59",57.207,35786.867,35786
"2023-11-28 10:00:00",57.195,35786.932,35786
"2023-11-28 18:00:00",57.197,35786.912,35786
"2023-11-29 01:59:59",57.204,35786.773,35786
"2023-11-29 10:00:00",57.191,35786.839,35786
"2023-11-29 18:00:00",57.197,35786.837,35786
"2023-11-30 01:59:59",57.204,35786.694,35786
"2023-11-30 10:00:00",57.194,35786.754,35786
"2023-11-30 18:00:00",57.2,35786.725,35786
"2023-12-01 01:59:59",57.205,35786.597,35786
"2023-12-01 10:00:00",57.19,35786.731,35786
"2023-12-01 18:00:00",57.199,35786.661,35786
"2023-12-02 01:59:59",57.204,35786.448,35786
"2023-12-02 10:00:00",57.189,35786.45,35786
"2023-12-02 18:00:00",57.195,35786.398,35786
"2023-12-03 01:59:59",57.202,35786.101,35786
"2023-12-03 10:00:00",57.191,35786.087,35786
"2023-12-03 18:00:00",57.199,35786.019,35786
"2023-12-04 01:59:59",57.201,35785.848,35786
"2023-12-04 10:00:00",57.193,35785.892,35786
"2023-12-04 18:00:00",57.205,35785.907,35786
"2023-12-05 01:59:59",57.207,35785.839,35786
"2023-12-05 10:00:00",57.203,35785.972,35786
"2023-12-05 18:00:00",57.214,35786.084,35786
"2023-12-06 01:59:59",57.219,35786.11,35786
"2023-12-06 10:00:00",57.212,35786.34,35786
"2023-12-06 18:00:00",57.226,35786.5,35786
"2023-12-07 01:59:59",57.234,35786.574,35786
"2023-12-07 10:00:00",57.223,35786.844,35786
"2023-12-07 18:00:00",57.237,35786.978,35786
"2023-12-08 01:59:59",57.245,35787.02,35786
"2023-12-08 10:00:00",57.226,35787.252,35786
"2023-12-08 18:00:00",57.234,35787.291,35786
"2023-12-09 01:59:59",57.242,35787.182,35786
"2023-12-09 10:00:00",57.225,35787.172,35786
"2023-12-09 18:00:00",57.226,35787.183,35786
"2023-12-10 01:59:59",57.232,35787.071,35786
"2023-12-10 10:00:00",57.218,35787.079,35786
"2023-12-10 18:00:00",57.221,35787.086,35786
"2023-12-11 01:59:59",57.226,35787.013,35786
"2023-12-11 10:00:00",57.21,35787.018,35786
"2023-12-11 18:00:00",57.212,35787.025,35786
"2023-12-12 01:59:59",57.219,35786.997,35786
"2023-12-12 10:00:00",57.207,35787.015,35786
"2023-12-12 18:00:00",57.21,35787.005,35786
"2023-12-13 01:59:59",57.215,35787.024,35786
"2023-12-13 10:00:00",57.204,35787.036,35786
"2023-12-13 18:00:00",57.207,35787.01,35786
"2023-12-14 01:59:59",57.212,35787.063,35786
"2023-12-14 10:00:00",57.199,35787.071,35786
"2023-12-14 18:00:00",57.206,35786.948,35786
"2023-12-15 01:59:59",57.213,35787.042,35786
"2023-12-15 10:00:00",57.193,35787.107,35786
"2023-12-15 18:00:00",57.206,35786.957,35786
"2023-12-16 01:59:59",57.211,35786.975,35786
"2023-12-16 10:00:00",57.188,35786.916,35786
"2023-12-16 18:00:00",57.198,35786.684,35786
"2023-12-17 01:59:59",57.201,35786.66,35786
"2023-12-17 10:00:00",57.184,35786.55,35786
"2023-12-17 18:00:00",57.192,35786.342,35786
"2023-12-18 01:59:59",57.197,35786.34,35786
"2023-12-18 10:00:00",57.182,35786.27,35786
"2023-12-18 18:00:00",57.193,35786.171,35786
"2023-12-19 01:59:59",57.198,35786.217,35786
"2023-12-19 10:00:00",57.184,35786.24,35786
"2023-12-19 18:00:00",57.195,35786.257,35786
"2023-12-20 01:59:59",57.202,35786.338,35786
"2023-12-20 10:00:00",57.19,35786.474,35786
"2023-12-20 18:00:00",57.2,35786.596,35786
"2023-12-21 01:59:59",57.213,35786.707,35786
"2023-12-21 10:00:00",57.194,35786.908,35786
"2023-12-21 18:00:00",57.211,35787.048,35786
"2023-12-22 01:59:59",57.218,35787.105,35786
"2023-12-22 10:00:00",57.2,35787.31,35786
"2023-12-22 18:00:00",57.207,35787.371,35786
"2023-12-23 01:59:59",57.213,35787.247,35786
"2023-12-23 10:00:00",57.198,35787.231,35786
"2023-12-23 18:00:00",57.198,35787.244,35786
"2023-12-24 01:59:59",57.204,35787.102,35786
"2023-12-24 10:00:00",57.189,35787.115,35786
"2023-12-24 18:00:00",57.194,35787.132,35786
"2023-12-25 01:59:59",57.197,35786.978,35786
"2023-12-25 10:00:00",57.183,35787.027,35786
"2023-12-25 18:00:00",57.186,35787.046,35786
"2023-12-26 01:59:59",57.193,35786.884,35786
"2023-12-26 10:00:00",57.178,35786.946,35786
"2023-12-26 18:00:00",57.185,35786.964,35786
"2023-12-27 01:59:59",57.188,35786.799,35786
"2023-12-27 10:00:00",57.177,35786.867,35786
"2023-12-27 18:00:00",57.183,35786.89,35786
"2023-12-28 01:59:59",57.186,35786.721,35786
"2023-12-28 10:00:00",57.178,35786.794,35786
"2023-12-28 18:00:00",57.18,35786.799,35786
"2023-12-29 01:59:59",57.189,35786.63,35786
"2023-12-29 10:00:00",57.171,35786.781,35786
"2023-12-29 18:00:00",57.181,35786.729,35786
"2023-12-30 01:59:59",57.19,35786.522,35786
"2023-12-30 10:00:00",57.173,35786.53,35786
"2023-12-30 18:00:00",57.18,35786.415,35786
"2023-12-31 01:59:59",57.186,35786.192,35786
"2023-12-31 10:00:00",57.172,35786.167,35786
"2023-12-31 18:00:00",57.18,35786.079,35786
"2024-01-01 01:59:59",57.186,35785.919,35786
"2024-01-01 10:00:00",57.176,35785.935,35786
"2024-01-01 18:00:00",57.184,35785.939,35786
"2024-01-02 01:59:59",57.19,35785.88,35786
"2024-01-02 10:00:00",57.184,35785.97,35786
"2024-01-02 18:00:00",57.192,35786.061,35786
"2024-01-03 01:59:59",57.201,35786.103,35786
"2024-01-03 10:00:00",57.192,35786.277,35786
"2024-01-03 18:00:00",57.206,35786.44,35786
"2024-01-04 01:59:59",57.216,35786.535,35786
"2024-01-04 10:00:00",57.203,35786.742,35786
"2024-01-04 18:00:00",57.214,35786.94,35786
"2024-01-05 01:59:59",57.224,35787.069,35786
"2024-01-05 10:00:00",57.211,35787.165,35786
"2024-01-05 18:00:00",57.215,35787.259,35786
"2024-01-06 01:59:59",57.221,35787.183,35786
"2024-01-06 10:00:00",57.205,35787.118,35786
"2024-01-06 18:00:00",57.21,35787.181,35786
"2024-01-07 01:59:59",57.214,35787.102,35786
"2024-01-07 10:00:00",57.198,35787.028,35786
"2024-01-07 18:00:00",57.201,35787.114,35786
"2024-01-08 01:59:59",57.208,35787.075,35786
"2024-01-08 10:00:00",57.191,35786.999,35786
"2024-01-08 18:00:00",57.196,35787.097,35786
"2024-01-09 01:59:59",57.201,35787.088,35786
"2024-01-09 10:00:00",57.186,35787.016,35786
"2024-01-09 18:00:00",57.191,35787.111,35786
"2024-01-10 01:59:59",57.197,35787.135,35786
"2024-01-10 10:00:00",57.183,35787.068,35786
"2024-01-10 18:00:00",57.188,35787.142,35786
"2024-01-11 01:59:59",57.196,35787.185,35786
"2024-01-11 10:00:00",57.18,35787.11,35786
"2024-01-11 18:00:00",57.186,35787.128,35786
"2024-01-12 01:59:59",57.189,35787.194,35786
"2024-01-12 10:00:00",57.169,35787.169,35786
"2024-01-12 18:00:00",57.181,35787.084,35786
"2024-01-13 01:59:59",57.188,35787.095,35786
"2024-01-13 10:00:00",57.166,35786.951,35786
"2024-01-13 18:00:00",57.174,35786.775,35786
"2024-01-14 01:59:59",57.176,35786.731,35786
"2024-01-14 10:00:00",57.16,35786.554,35786
"2024-01-14 18:00:00",57.169,35786.386,35786
"2024-01-15 01:59:59",57.172,35786.37,35786
"2024-01-15 10:00:00",57.157,35786.237,35786
"2024-01-15 18:00:00",57.168,35786.166,35786
"2024-01-16 01:59:59",57.17,35786.214,35786
"2024-01-16 10:00:00",57.157,35786.178,35786
"2024-01-16 18:00:00",57.171,35786.224,35786
"2024-01-17 01:59:59",57.175,35786.344,35786
"2024-01-17 10:00:00",57.165,35786.404,35786
"2024-01-17 18:00:00",57.177,35786.532,35786
"2024-01-18 01:59:59",57.184,35786.905,35786
"2024-01-18 10:00:00",57.172,35786.984,35786
"2024-01-18 18:00:00",57.183,35787.113,35786
"2024-01-19 01:59:59",57.192,35787.18,35786
"2024-01-19 10:00:00",57.17,35787.262,35786
"2024-01-19 18:00:00",57.18,35787.266,35786
"2024-01-20 01:59:59",57.185,35787.133,35786
"2024-01-20 10:00:00",57.167,35786.946,35786
"2024-01-20 18:00:00",57.171,35787.06,35786
"2024-01-21 01:59:59",57.177,35786.968,35786
"2024-01-21 09:00:00",57.162,35786.959,35786
"2024-01-21 10:00:00",57.161,35786.938,35786
"2024-01-21 18:00:00",57.165,35786.97,35786
"2024-01-22 01:59:59",57.171,35786.861,35786
"2024-01-22 10:00:00",57.16,35786.859,35786
"2024-01-22 18:00:00",57.163,35786.884,35786
"2024-01-23 01:59:59",57.167,35786.774,35786
"2024-01-23 10:00:00",57.159,35786.793,35786
"2024-01-23 18:00:00",57.162,35786.812,35786
"2024-01-24 01:59:59",57.168,35786.686,35786
"2024-01-24 10:00:00",57.155,35786.724,35786
"2024-01-24 18:00:00",57.161,35786.743,35786
"2024-01-25 01:59:59",57.168,35786.613,35786
"2024-01-25 10:00:00",57.158,35786.649,35786
"2024-01-25 18:00:00",57.163,35786.666,35786
"2024-01-26 01:59:59",57.168,35786.547,35786
"2024-01-26 10:00:00",57.157,35786.6,35786
"2024-01-26 18:00:00",57.169,35786.516,35786
"2024-01-27 01:59:59",57.177,35786.407,35786
"2024-01-27 10:00:00",57.16,35786.422,35786
"2024-01-27 18:00:00",57.172,35786.208,35786
"2024-01-28 01:59:59",57.174,35786.066,35786
"2024-01-28 10:00:00",57.163,35786.029,35786
"2024-01-28 18:00:00",57.17,35785.813,35786
"2024-01-29 01:59:59",57.174,35785.734,35786
"2024-01-29 10:00:00",57.168,35785.727,35786
"2024-01-29 18:00:00",57.175,35785.57,35786
"2024-01-30 01:59:59",57.18,35785.626,35786
"2024-01-30 10:00:00",57.177,35785.686,35786
"2024-01-30 18:00:00",57.189,35785.635,35786
"2024-01-31 01:59:59",57.194,35785.811,35786
"2024-01-31 10:00:00",57.188,35785.935,35786
"2024-01-31 18:00:00",57.205,35785.997,35786
"2024-02-01 01:59:59",57.213,35786.284,35786
"2024-02-01 10:00:00",57.204,35786.46,35786
"2024-02-01 18:00:00",57.22,35786.597,35786
"2024-02-02 01:59:59",57.229,35786.867,35786
"2024-02-02 10:00:00",57.212,35786.998,35786
"2024-02-02 18:00:00",57.225,35787.129,35786
"2024-02-03 01:59:59",57.236,35787.185,35786
"2024-02-03 10:00:00",57.215,35787.013,35786
"2024-02-03 18:00:00",57.221,35787.096,35786
"2024-02-04 01:00:00",57.221,35787.071,35786
"2024-02-04 10:00:00",57.211,35786.943,35786
"2024-02-04 18:00:00",57.216,35787.076,35786
"2024-02-05 01:59:59",57.222,35787.084,35786
"2024-02-05 10:00:00",57.206,35786.936,35786
"2024-02-05 18:00:00",57.208,35787.086,35786
"2024-02-06 01:59:59",57.216,35787.125,35786
"2024-02-06 10:00:00",57.201,35786.963,35786
"2024-02-06 18:00:00",57.204,35787.129,35786
"2024-02-07 01:59:59",57.214,35787.186,35786
"2024-02-07 10:00:00",57.199,35787.034,35786
"2024-02-07 18:00:00",57.201,35787.17,35786
"2024-02-08 01:59:59",57.21,35787.222,35786
"2024-02-08 10:00:00",57.192,35787.072,35786
"2024-02-08 18:00:00",57.197,35787.178,35786
"2024-02-09 01:59:59",57.201,35787.267,35786
"2024-02-09 10:00:00",57.18,35787.197,35786
"2024-02-09 18:00:00",57.193,35787.141,35786
"2024-02-10 01:59:59",57.196,35787.133,35786
"2024-02-10 10:00:00",57.175,35786.955,35786
"2024-02-10 18:00:00",57.184,35786.802,35786
"2024-02-11 01:59:59",57.188,35786.745,35786
"2024-02-11 10:00:00",57.168,35786.554,35786
"2024-02-11 18:00:00",57.176,35786.413,35786
"2024-02-12 01:59:59",57.179,35786.384,35786
"2024-02-12 10:00:00",57.163,35786.243,35786
"2024-02-12 18:00:00",57.173,35786.172,35786
"2024-02-13 01:59:59",57.178,35786.225,35786
"2024-02-13 10:00:00",57.168,35786.175,35786
"2024-02-13 18:00:00",57.177,35786.205,35786
"2024-02-14 01:59:59",57.181,35786.35,35786
"2024-02-14 10:00:00",57.17,35786.391,35786
"2024-02-14 18:00:00",57.183,35786.474,35786
"2024-02-15 01:59:59",57.19,35786.682,35786
"2024-02-15 10:00:00",57.179,35786.785,35786
"2024-02-15 18:00:00",57.194,35786.871,35786
"2024-02-16 01:59:59",57.198,35787.048,35786
"2024-02-16 10:00:00",57.184,35787.147,35786
"2024-02-16 18:00:00",57.193,35787.183,35786
"2024-02-17 01:59:59",57.197,35787.166,35786
"2024-02-17 10:00:00",57.183,35787.089,35786
"2024-02-17 18:00:00",57.187,35787.07,35786
"2024-02-18 01:59:59",57.191,35787.062,35786
"2024-02-18 10:00:00",57.177,35787.004,35786
"2024-02-18 18:00:00",57.181,35786.988,35786
"2024-02-19 01:59:59",57.186,35786.959,35786
"2024-02-19 10:00:00",57.171,35786.929,35786
"2024-02-19 18:00:00",57.174,35786.917,35786
"2024-02-20 01:59:59",57.183,35786.874,35786
"2024-02-20 10:00:00",57.173,35786.863,35786
"2024-02-20 18:00:00",57.175,35786.844,35786
"2024-02-21 01:59:59",57.181,35786.797,35786
"2024-02-21 10:00:00",57.17,35786.791,35786
"2024-02-21 18:00:00",57.172,35786.767,35786
"2024-02-22 01:59:59",57.182,35786.708,35786
"2024-02-22 10:00:00",57.17,35786.722,35786
"2024-02-22 18:00:00",57.177,35786.654,35786
"2024-02-23 01:59:59",57.184,35786.591,35786
"2024-02-23 10:00:00",57.169,35786.698,35786
"2024-02-23 18:00:00",57.18,35786.566,35786
"2024-02-24 01:59:59",57.184,35786.48,35786
"2024-02-24 10:00:00",57.171,35786.451,35786
"2024-02-24 18:00:00",57.18,35786.236,35786
"2024-02-25 01:59:59",57.186,35786.134,35786
"2024-02-25 10:00:00",57.172,35786.061,35786
"2024-02-25 18:00:00",57.179,35785.876,35786
"2024-02-26 01:59:59",57.184,35785.836,35786
"2024-02-26 10:00:00",57.175,35785.797,35786
"2024-02-26 18:00:00",57.182,35785.685,35786
"2024-02-27 01:59:59",57.192,35785.75,35786
"2024-02-27 10:00:00",57.184,35785.786,35786
"2024-02-27 18:00:00",57.192,35785.778,35786
"2024-02-28 01:59:59",57.202,35785.924,35786
"2024-02-28 10:00:00",57.196,35786.056,35786
"2024-02-28 18:00:00",57.207,35786.169,35786
"2024-02-29 01:59:59",57.22,35786.399,35786
"2024-02-29 10:00:00",57.211,35786.584,35786
"2024-02-29 18:00:00",57.223,35786.695,35786
"2024-03-01 01:59:59",57.234,35786.953,35786
"2024-03-01 10:00:00",57.219,35787.07,35786
"2024-03-01 18:00:00",57.228,35787.169,35786
"2024-03-02 01:59:59",57.236,35787.171,35786
"2024-03-02 10:00:00",57.22,35787.036,35786
"2024-03-02 18:00:00",57.219,35787.102,35786
"2024-03-03 01:59:59",57.229,35787.131,35786
"2024-03-03 10:00:00",57.214,35786.99,35786
"2024-03-03 18:00:00",57.215,35787.099,35786
"2024-03-04 01:59:59",57.223,35787.138,35786
"2024-03-04 10:00:00",57.205,35786.989,35786
"2024-03-04 18:00:00",57.212,35787.127,35786
"2024-03-05 01:59:59",57.221,35787.198,35786
"2024-03-05 10:00:00",57.202,35787.029,35786
"2024-03-05 18:00:00",57.205,35787.178,35786
"2024-03-06 01:59:59",57.216,35787.248,35786
"2024-03-06 10:00:00",57.198,35787.094,35786
"2024-03-06 18:00:00",57.201,35787.22,35786
"2024-03-07 01:59:59",57.21,35787.268,35786
"2024-03-07 10:00:00",57.194,35787.126,35786
"2024-03-07 18:00:00",57.202,35787.178,35786
"2024-03-08 01:59:59",57.207,35787.248,35786
"2024-03-08 10:00:00",57.184,35787.179,35786
"2024-03-08 18:00:00",57.196,35787.095,35786
"2024-03-09 01:59:59",57.201,35787.083,35786
"2024-03-09 10:00:00",57.178,35786.91,35786
"2024-03-09 18:00:00",57.187,35786.726,35786
"2024-03-10 01:59:59",57.19,35786.66,35786
"2024-03-10 10:00:00",57.173,35786.479,35786
"2024-03-10 18:00:00",57.182,35786.296,35786
"2024-03-11 01:59:59",57.181,35786.282,35786
"2024-03-11 10:00:00",57.17,35786.162,35786
"2024-03-11 18:00:00",57.18,35786.036,35786
"2024-03-12 01:59:59",57.199,35787.287,35786
"2024-03-12 10:00:00",57.177,35787.385,35786
"2024-03-12 18:00:00",57.187,35787.332,35786
"2024-03-13 01:59:59",57.195,35787.323,35786
"2024-03-13 10:00:00",57.177,35787.23,35786
"2024-03-13 18:00:00",57.178,35787.143,35786
"2024-03-14 01:59:59",57.169,35787.176,35786
"2024-03-14 10:00:00",57.168,35787.095,35786
"2024-03-14 18:00:00",57.168,35787.012,35786
"2024-03-15 01:59:59",57.163,35787.056,35786
"2024-03-15 10:00:00",57.161,35786.985,35786
"2024-03-15 18:00:00",57.162,35786.895,35786
"2024-03-16 01:59:59",57.158,35786.95,35786
"2024-03-16 10:00:00",57.156,35786.901,35786
"2024-03-16 18:00:00",57.161,35786.804,35786
"2024-03-17 01:59:59",57.157,35786.857,35786
"2024-03-17 10:00:00",57.157,35786.82,35786
"2024-03-17 18:00:00",57.16,35786.719,35786
"2024-03-18 01:59:59",57.156,35786.764,35786
"2024-03-18 10:00:00",57.154,35786.751,35786
"2024-03-18 18:00:00",57.161,35786.602,35786
"2024-03-19 01:59:59",57.159,35786.652,35786
"2024-03-19 10:00:00",57.153,35786.744,35786
"2024-03-19 18:00:00",57.163,35786.528,35786
"2024-03-20 01:59:59",57.16,35786.564,35786
"2024-03-20 10:00:00",57.153,35786.666,35786
"2024-03-20 18:00:00",57.166,35786.46,35786
"2024-03-21 01:59:59",57.165,35786.448,35786
"2024-03-21 10:00:00",57.154,35786.419,35786
"2024-03-21 18:00:00",57.165,35786.115,35786
"2024-03-22 01:59:59",57.166,35786.075,35786
"2024-03-22 10:00:00",57.158,35786.001,35786
"2024-03-22 18:00:00",57.164,35785.736,35786
"2024-03-23 01:59:59",57.171,35785.744,35786
"2024-03-23 10:00:00",57.16,35785.724,35786
"2024-03-23 18:00:00",57.168,35785.556,35786
"2024-03-24 01:59:59",57.181,35785.671,35786
"2024-03-24 10:00:00",57.174,35785.734,35786
"2024-03-24 18:00:00",57.183,35785.689,35786
"2024-03-25 01:59:59",57.193,35785.908,35786
"2024-03-25 10:00:00",57.187,35786.081,35786
"2024-03-25 18:00:00",57.197,35786.104,35786
"2024-03-26 01:59:59",57.204,35786.402,35786
"2024-03-26 10:00:00",57.2,35786.629,35786
"2024-03-26 18:00:00",57.215,35786.669,35786
"2024-03-27 01:59:59",57.21,35786.932,35786
"2024-03-27 10:00:00",57.208,35787.137,35786
"2024-03-27 18:00:00",57.219,35787.125,35786
"2024-03-28 01:59:59",57.214,35787.151,35786
"2024-03-28 10:00:00",57.211,35787.109,35786
"2024-03-28 18:00:00",57.215,35787.036,35786
"2024-03-29 01:59:59",57.207,35787.057,35786
"2024-03-29 10:00:00",57.206,35787.008,35786
"2024-03-29 18:00:00",57.208,35786.97,35786
"2024-03-30 01:59:59",57.202,35786.991,35786
"2024-03-30 10:00:00",57.202,35786.938,35786
"2024-03-30 18:00:00",57.203,35786.955,35786
"2024-03-31 01:59:59",57.199,35786.979,35786
"2024-03-31 10:00:00",57.196,35786.91,35786
"2024-03-31 18:00:00",57.197,35786.971,35786
"2024-04-01 01:59:59",57.195,35787.005,35786
"2024-04-01 10:00:00",57.191,35786.919,35786
"2024-04-01 18:00:00",57.197,35787.014,35786
"2024-04-02 01:59:59",57.19,35787.046,35786
"2024-04-02 10:00:00",57.191,35786.954,35786
"2024-04-02 18:00:00",57.194,35787.052,35786
"2024-04-03 01:59:59",57.19,35787.105,35786
"2024-04-03 10:00:00",57.181,35787.089,35786
"2024-04-03 18:00:00",57.191,35787.076,35786
"2024-04-04 01:59:59",57.187,35787.069,35786
"2024-04-04 10:00:00",57.18,35787.092,35786
"2024-04-04 18:00:00",57.189,35787.036,35786
"2024-04-05 01:59:59",57.183,35787.002,35786
"2024-04-05 10:00:00",57.178,35787.028,35786
"2024-04-05 18:00:00",57.185,35786.928,35786
"2024-04-06 01:59:59",57.182,35786.807,35786
"2024-04-06 10:00:00",57.171,35786.705,35786
"2024-04-06 18:00:00",57.179,35786.49,35786
"2024-04-07 01:59:59",57.179,35786.319,35786
"2024-04-07 10:00:00",57.166,35786.217,35786
"2024-04-07 18:00:00",57.175,35786,35786
"2024-04-08 01:59:59",57.176,35785.908,35786
"2024-04-08 10:00:00",57.165,35785.879,35786
"2024-04-08 18:00:00",57.173,35785.741,35786
"2024-04-09 01:59:59",57.181,35785.774,35786
"2024-04-09 10:00:00",57.17,35785.863,35786
"2024-04-09 18:00:00",57.181,35785.825,35786
"2024-04-10 01:59:59",57.19,35786.003,35786
"2024-04-10 10:00:00",57.182,35786.211,35786
"2024-04-10 18:00:00",57.193,35786.245,35786
"2024-04-11 01:59:59",57.2,35786.503,35786
"2024-04-11 10:00:00",57.195,35786.784,35786
"2024-04-11 18:00:00",57.208,35786.802,35786
"2024-04-12 01:59:59",57.204,35787.083,35786
"2024-04-12 10:00:00",57.204,35787.308,35786
"2024-04-12 18:00:00",57.213,35787.237,35786
"2024-04-13 01:59:59",57.203,35787.312,35786
"2024-04-13 10:00:00",57.202,35787.307,35786
"2024-04-13 18:00:00",57.205,35787.156,35786
"2024-04-14 01:59:59",57.194,35787.227,35786
"2024-04-14 10:00:00",57.193,35787.236,35786
"2024-04-14 18:00:00",57.195,35787.067,35786
"2024-04-15 01:59:59",57.191,35787.145,35786
"2024-04-15 10:00:00",57.189,35787.152,35786
"2024-04-15 18:00:00",57.191,35786.997,35786
"2024-05-21 10:00:00",57.203,35786.403,35786
"2024-05-21 23:15:00",57.197,35786.295,35786
"2024-05-22 23:15:00",57.203,35786.296,35786
"2024-05-24 23:30:00",57.213,35787.214,35786
"2024-05-25 23:15:00",57.208,35787.293,35786
"2024-05-26 23:15:00",57.203,35787.245,35786
"2024-05-27 23:15:00",57.198,35787.153,35786
"2024-05-28 23:30:00",57.194,35787.038,35786
"2024-05-29 23:30:00",57.193,35786.892,35786
"2024-05-30 23:30:00",57.188,35786.736,35786
"2024-05-31 23:15:00",57.178,35786.677,35786
"2024-06-01 23:15:00",57.175,35786.552,35786
"2024-06-02 23:30:00",57.175,35786.428,35786
"2024-06-03 23:15:00",57.179,35786.352,35786
"2024-06-05 23:30:00",57.188,35786.191,35786
"2024-06-06 23:15:00",57.194,35786.171,35786
"2024-06-07 23:15:00",57.201,35787.414,35786
"2024-06-08 23:30:00",57.2,35787.329,35786
"2024-06-09 23:30:00",57.194,35787.255,35786
"2024-06-10 23:15:00",57.188,35787.151,35786
"2024-06-11 23:15:00",57.186,35787.022,35786
"2024-06-12 23:30:00",57.188,35786.888,35786
"2024-06-14 23:30:00",57.183,35786.644,35786
"2024-06-15 23:15:00",57.184,35786.474,35786
"2024-06-16 23:15:00",57.186,35786.336,35786
"2024-06-18 23:30:00",57.196,35786.144,35786
"2024-06-19 23:30:00",57.202,35786.125,35786
"2024-06-20 23:30:00",57.209,35786.118,35786
"2024-06-22 22:59:59",57.213,35787.439,35786
"2024-06-23 22:59:59",57.205,35787.434,35786
"2024-06-24 22:59:59",57.196,35787.38,35786
"2024-06-25 22:59:59",57.19,35787.275,35786
"2024-06-26 22:59:59",57.183,35787.13,35786
"2024-06-27 22:59:59",57.18,35786.961,35786
"2024-06-28 22:59:59",57.171,35786.828,35786
"2024-06-29 22:59:59",57.168,35786.659,35786
"2024-06-30 22:59:59",57.168,35786.507,35786
"2024-07-01 22:59:59",57.168,35786.38,35786
"2024-07-02 22:59:59",57.173,35786.283,35786
"2024-07-03 22:59:59",57.178,35786.217,35786
"2024-07-04 22:59:59",57.183,35786.179,35786
"2024-07-05 22:59:59",57.189,35787.088,35786
"2024-07-06 22:59:59",57.187,35787.231,35786
"2024-07-08 22:59:59",57.183,35787.115,35786
"2024-07-09 22:59:59",57.181,35787.013,35786
"2024-07-10 22:59:59",57.182,35786.883,35786
"2024-07-11 22:59:59",57.183,35786.73,35786
"2024-07-12 22:59:59",57.176,35786.658,35786
"2024-07-13 22:59:59",57.18,35786.491,35786
"2024-07-14 22:59:59",57.185,35786.333,35786
"2024-07-15 22:59:59",57.19,35786.196,35786
"2024-07-16 22:59:59",57.194,35786.093,35786
"2024-07-17 22:59:59",57.2,35786.045,35786
"2024-07-18 22:59:59",57.206,35786.031,35786
"2024-07-19 22:59:59",57.209,35787.696,35786
"2024-07-20 23:15:00",57.201,35787.196,35786
"2024-07-21 23:15:00",57.192,35787.297,35786
"2024-07-22 23:15:00",57.187,35787.306,35786
"2024-07-23 23:15:00",57.18,35787.262,35786
"2024-07-24 23:15:00",57.175,35787.161,35786
"2024-07-25 22:59:59",57.173,35787,35786
"2024-07-26 23:15:00",57.167,35786.825,35786
"2024-07-28 23:15:00",57.167,35786.429,35786
"2024-07-29 23:15:00",57.168,35786.252,35786
"2024-07-30 23:15:00",57.173,35786.107,35786
"2024-07-31 21:00:00",57.18,35786.22,35786
"2024-08-01 23:15:00",57.188,35785.937,35786
"2024-08-02 23:15:00",57.198,35787.26,35786
"2024-08-03 23:15:00",57.199,35787.184,35786
"2024-08-04 23:15:00",57.192,35787.168,35786
"2024-08-06 23:15:00",57.186,35787.075,35786
"2024-08-07 23:15:00",57.187,35786.985,35786
"2024-08-08 22:59:59",57.192,35786.869,35786
"2024-08-09 23:15:00",57.183,35786.785,35786
"2024-08-10 22:59:59",57.192,35786.624,35786
"2024-08-11 23:15:00",57.188,35786.476,35786
"2024-08-12 23:15:00",57.192,35786.326,35786
"2024-08-13 22:59:59",57.205,35786.187,35786
"2024-08-14 23:15:00",57.205,35786.095,35786
"2024-08-15 22:59:59",57.214,35786.033,35786
"2024-08-16 23:15:00",57.217,35787.105,35786
"2024-08-18 23:15:00",57.209,35787.092,35786
"2024-08-19 23:15:00",57.203,35787.125,35786
"2024-08-20 23:15:00",57.194,35787.13,35786
"2024-08-21 23:15:00",57.192,35787.085,35786
"2024-08-22 23:15:00",57.189,35786.98,35786
"2024-08-23 23:15:00",57.186,35786.849,35786
"2024-08-24 23:15:00",57.186,35786.653,35786
"2024-08-25 23:15:00",57.187,35786.448,35786
"2024-08-26 23:15:00",57.189,35786.243,35786
"2024-08-27 23:15:00",57.195,35786.063,35786
"2024-08-28 23:15:00",57.2,35785.92,35786
"2024-08-30 23:15:00",57.223,35787.237,35786
"2024-08-31 23:15:00",57.219,35787.125,35786
"2024-09-01 23:15:00",57.212,35787.1,35786
"2024-09-02 23:15:00",57.208,35787.075,35786
"2024-09-03 23:15:00",57.209,35787.035,35786
"2024-09-04 23:15:00",57.205,35786.973,35786
"2024-09-05 23:15:00",57.205,35786.889,35786
"2024-09-06 06:00:00",57.21,35786.533,35786
"2024-09-06 23:15:00",57.201,35786.845,35786
"2024-09-07 22:59:59",57.206,35786.728,35786
"2024-09-09 23:15:00",57.211,35786.457,35786
"2024-09-10 23:15:00",57.215,35786.332,35786
"2024-09-11 23:15:00",57.219,35786.216,35786
"2024-09-13 23:15:00",57.231,35787.136,35786
"2024-09-14 22:59:59",57.231,35787.049,35786
"2024-09-15 23:15:00",57.218,35787.013,35786
"2024-09-16 23:15:00",57.212,35787.015,35786
"2024-09-17 23:15:00",57.209,35787.028,35786
"2024-09-18 23:15:00",57.202,35787.027,35786
"2024-09-19 23:15:00",57.198,35786.984,35786
"2024-09-20 23:15:00",57.196,35786.911,35786
"2024-09-21 23:15:00",57.196,35786.753,35786
"2024-09-22 23:15:00",57.198,35786.556,35786
"2024-09-23 23:15:00",57.201,35786.347,35786
"2024-09-24 23:15:00",57.204,35786.145,35786
"2024-09-26 23:15:00",57.219,35785.839,35786
"2024-09-27 23:15:00",57.228,35787.092,35786
"2024-09-28 23:15:00",57.229,35786.966,35786
"2024-09-29 23:15:00",57.221,35786.912,35786
"2024-09-30 23:15:00",57.222,35786.87,35786
"2024-10-01 23:15:00",57.218,35786.829,35786
"2024-10-03 23:15:00",57.22,35786.724,35786
"2024-10-04 23:15:00",57.216,35786.685,35786
"2024-10-05 23:15:00",57.222,35786.608,35786
"2024-10-06 22:59:59",57.227,35786.529,35786
"2024-10-07 23:15:00",57.228,35786.435,35786
"2024-10-08 23:15:00",57.233,35786.343,35786
"2024-10-09 23:15:00",57.238,35786.262,35786
"2024-10-10 23:15:00",57.244,35786.165,35786
"2024-10-11 22:59:59",57.255,35787.304,35786
"2024-10-12 22:59:59",57.251,35787.161,35786
"2024-10-13 22:59:59",57.242,35787.08,35786
"2024-10-14 22:59:59",57.233,35787.021,35786
"2024-10-15 23:15:00",57.225,35786.963,35786
"2024-10-16 23:15:00",57.219,35786.951,35786
"2024-10-17 23:15:00",57.212,35786.943,35786
"2024-10-18 23:15:00",57.207,35786.932,35786
"2024-10-19 22:59:59",57.212,35786.853,35786
"2024-10-20 23:15:00",57.21,35786.694,35786
"2024-10-21 23:15:00",57.21,35786.51,35786
"2024-10-22 22:59:59",57.217,35786.299,35786
"2024-10-23 23:15:00",57.219,35786.119,35786
"2024-10-24 22:59:59",57.229,35785.941,35786
"2024-10-25 23:15:00",57.234,35787.054,35786
"2024-10-27 00:00:00",57.231,35786.902,35786
"2024-10-28 00:00:00",57.227,35786.789,35786
"2024-10-29 00:00:00",57.224,35786.696,35786
"2024-10-30 00:00:00",57.221,35786.619,35786
"2024-10-31 00:00:00",57.223,35786.556,35786
"2024-11-01 00:00:00",57.224,35786.502,35786
"2024-11-02 00:00:00",57.226,35786.481,35786
"2024-11-03 00:00:00",57.228,35786.449,35786
"2024-11-04 00:00:00",57.234,35786.425,35786
"2024-11-05 00:00:00",57.236,35786.407,35786
"2024-11-06 00:00:00",57.242,35786.39,35786
"2024-11-07 00:00:00",57.247,35786.365,35786
"2024-11-08 00:00:00",57.254,35786.322,35786
"2024-11-09 00:00:00",57.268,35787.574,35786
"2024-11-10 00:00:00",57.256,35787.484,35786
"2024-11-11 00:00:00",57.243,35787.331,35786
"2024-11-12 00:00:00",57.234,35787.153,35786
"2024-11-13 00:00:00",57.226,35786.984,35786
"2024-11-20 15:00:00",57.212,35786.355,35786
"2024-11-21 00:00:00",57.216,35786.331,35786
"2024-11-21 07:00:00",57.221,35786.036,35786
"2024-11-22 00:00:00",57.218,35786.162,35786
"2024-11-23 00:00:00",57.228,35787.245,35786
"2024-11-24 00:00:00",57.225,35787.089,35786
"2024-11-25 00:00:00",57.218,35786.948,35786
"2024-11-26 00:00:00",57.211,35786.822,35786
"2024-11-27 00:00:00",57.208,35786.712,35786
"2024-11-28 00:00:00",57.205,35786.619,35786
"2024-11-29 00:00:00",57.207,35786.543,35786
"2024-11-30 00:00:00",57.205,35786.491,35786
"2024-12-01 00:00:00",57.207,35786.465,35786
"2024-12-02 00:00:00",57.21,35786.464,35786
"2024-12-03 00:00:00",57.213,35786.486,35786
"2024-12-04 00:00:00",57.219,35786.519,35786
"2024-12-05 00:00:00",57.226,35786.487,35786
"2024-12-06 00:00:00",57.232,35786.49,35786
"2024-12-07 00:00:00",57.239,35787.702,35786
"2024-12-08 00:00:00",57.229,35787.615,35786
"2024-12-09 00:00:00",57.219,35787.447,35786
"2024-12-10 00:00:00",57.208,35787.235,35786
"2024-12-11 00:00:00",57.196,35787.013,35786
"2024-12-12 00:00:00",57.191,35786.82,35786
"2024-12-13 00:00:00",57.186,35786.685,35786
"2024-12-14 00:00:00",57.178,35786.639,35786
"2024-12-15 00:00:00",57.179,35786.604,35786
"2024-12-16 00:00:00",57.178,35786.576,35786
"2024-12-17 00:00:00",57.182,35786.528,35786
"2024-12-18 00:00:00",57.185,35786.442,35786
"2024-12-19 00:00:00",57.192,35786.333,35786
"2024-12-20 00:00:00",57.194,35786.201,35786
"2024-12-21 00:00:00",57.204,35787.336,35786
"2024-12-22 00:00:00",57.201,35787.164,35786
"2024-12-23 00:00:00",57.194,35787.02,35786
"2024-12-24 00:00:00",57.191,35786.879,35786
"2024-12-25 00:00:00",57.187,35786.745,35786
"2024-12-26 00:00:00",57.184,35786.622,35786
"2024-12-27 00:00:00",57.182,35786.514,35786
"2024-12-28 00:00:00",57.183,35786.436,35786
"2024-12-29 00:00:00",57.186,35786.381,35786
"2024-12-30 00:00:00",57.188,35786.375,35786
"2024-12-31 00:00:00",57.191,35786.418,35786
"2025-01-01 00:00:00",57.194,35786.487,35786
"2025-01-02 00:00:00",57.201,35786.561,35786
"2025-01-03 00:00:00",57.203,35786.607,35786
"2025-01-04 00:00:00",57.217,35787.843,35786
"2025-01-05 00:00:00",57.209,35787.699,35786
"2025-01-06 00:00:00",57.197,35787.527,35786
"2025-01-07 00:00:00",57.189,35787.302,35786
"2025-01-08 00:00:00",57.181,35787.058,35786
"2025-01-08 23:30:00",57.172,35786.817,35786
"2025-01-09 23:30:00",57.168,35786.658,35786
"2025-01-11 00:00:00",57.16,35786.567,35786
"2025-01-12 00:00:00",57.161,35786.484,35786
"2025-01-13 00:00:00",57.159,35786.43,35786
"2025-01-14 00:00:00",57.162,35786.393,35786